itemNum,trialType,samePos,rt,subj,age,gender,language,include,correct,example_correct,overwrite,setting
0,Same,0,8485,1,4.909589041,female,NA,TRUE,TRUE,8,FALSE,Bing
1,New Label,0,4767,1,4.909589041,female,NA,TRUE,TRUE,8,FALSE,Bing
2,Same,1,4495,1,4.909589041,female,NA,TRUE,TRUE,8,FALSE,Bing
3,New Label,1,4009,1,4.909589041,female,NA,TRUE,FALSE,8,FALSE,Bing
0,Same,1,4385,2,4.928767123,female,NA,TRUE,TRUE,8,FALSE,Bing
1,New Label,1,4101,2,4.928767123,female,NA,TRUE,FALSE,8,FALSE,Bing
2,Same,0,3884,2,4.928767123,female,NA,TRUE,TRUE,8,FALSE,Bing
3,New Label,0,4250,2,4.928767123,female,NA,TRUE,FALSE,8,FALSE,Bing
0,Same,0,3841,3,4.2,male,NA,TRUE,FALSE,8,FALSE,Bing
1,New Label,0,3946,3,4.2,male,NA,TRUE,FALSE,8,FALSE,Bing
2,Same,1,2911,3,4.2,male,NA,TRUE,FALSE,8,FALSE,Bing
3,New Label,1,4468,3,4.2,male,NA,TRUE,TRUE,8,FALSE,Bing
0,Same,0,3606,4,4.928767123,female,NA,TRUE,TRUE,8,FALSE,Bing
1,New Label,1,3532,4,4.928767123,female,NA,TRUE,TRUE,8,FALSE,Bing
2,Same,1,4885,4,4.928767123,female,NA,TRUE,TRUE,8,FALSE,Bing
3,New Label,0,3822,4,4.928767123,female,NA,TRUE,TRUE,8,FALSE,Bing
0,Same,1,3466,5,4.345205479,male,NA,TRUE,TRUE,8,FALSE,Bing
1,New Label,1,3325,5,4.345205479,male,NA,TRUE,TRUE,8,FALSE,Bing
2,Same,0,3525,5,4.345205479,male,NA,TRUE,TRUE,8,FALSE,Bing
3,New Label,0,6161,5,4.345205479,male,NA,TRUE,FALSE,8,FALSE,Bing
0,Same,1,3671,6,4.347945205,male,NA,TRUE,TRUE,8,FALSE,Bing
1,New Label,1,4474,6,4.347945205,male,NA,TRUE,FALSE,8,FALSE,Bing
2,Same,0,4813,6,4.347945205,male,NA,TRUE,FALSE,8,FALSE,Bing
3,New Label,0,3702,6,4.347945205,male,NA,TRUE,TRUE,8,FALSE,Bing
0,Same,1,4930,7,3.624657534,female,NA,TRUE,TRUE,8,FALSE,Bing
1,New Label,0,4364,7,3.624657534,female,NA,TRUE,FALSE,8,FALSE,Bing
2,Same,0,5906,7,3.624657534,female,NA,TRUE,TRUE,8,FALSE,Bing
3,New Label,1,4200,7,3.624657534,female,NA,TRUE,TRUE,8,FALSE,Bing
0,Same,1,4059,8,4.345205479,female,50,TRUE,TRUE,8,FALSE,Bing
1,New Label,0,4195,8,4.345205479,female,50,TRUE,FALSE,8,FALSE,Bing
2,Same,0,7394,8,4.345205479,female,50,TRUE,FALSE,8,FALSE,Bing
3,New Label,1,4289,8,4.345205479,female,50,TRUE,FALSE,8,FALSE,Bing
0,Same,1,10885,9,3.383561644,male,NA,TRUE,TRUE,8,FALSE,Bing
1,New Label,1,18573,9,3.383561644,male,NA,TRUE,TRUE,8,FALSE,Bing
2,Same,0,7478,9,3.383561644,male,NA,TRUE,FALSE,8,FALSE,Bing
3,New Label,0,6858,9,3.383561644,male,NA,TRUE,FALSE,8,FALSE,Bing
0,Same,0,5964,10,3.991780822,female,NA,TRUE,TRUE,8,FALSE,Bing
1,New Label,1,4980,10,3.991780822,female,NA,TRUE,TRUE,8,FALSE,Bing
2,Same,1,3519,10,3.991780822,female,NA,TRUE,TRUE,8,FALSE,Bing
3,New Label,0,3525,10,3.991780822,female,NA,TRUE,FALSE,8,FALSE,Bing
0,Same,1,3491,11,4.380821918,female,NA,TRUE,TRUE,8,FALSE,Bing
1,New Label,1,4247,11,4.380821918,female,NA,TRUE,FALSE,8,FALSE,Bing
2,Same,0,13630,11,4.380821918,female,NA,TRUE,TRUE,8,FALSE,Bing
3,New Label,0,3777,11,4.380821918,female,NA,TRUE,TRUE,8,FALSE,Bing
0,Same,0,2794,12,4.164383562,male,NA,TRUE,TRUE,8,FALSE,Bing
1,New Label,1,5805,12,4.164383562,male,NA,TRUE,FALSE,8,FALSE,Bing
2,Same,1,3392,12,4.164383562,male,NA,TRUE,TRUE,8,FALSE,Bing
3,New Label,0,3413,12,4.164383562,male,NA,TRUE,TRUE,8,FALSE,Bing
0,Same,0,6153,13,3.276712329,male,NA,TRUE,TRUE,8,FALSE,Bing
1,New Label,0,5838,13,3.276712329,male,NA,TRUE,TRUE,8,FALSE,Bing
2,Same,1,5040,13,3.276712329,male,NA,TRUE,FALSE,8,FALSE,Bing
3,New Label,1,8099,13,3.276712329,male,NA,TRUE,FALSE,8,FALSE,Bing
0,Same,1,5135,14,4.35890411,male,NA,TRUE,TRUE,8,FALSE,Bing
1,New Label,1,3676,14,4.35890411,male,NA,TRUE,FALSE,8,FALSE,Bing
2,Same,0,3822,14,4.35890411,male,NA,TRUE,TRUE,8,FALSE,Bing
3,New Label,0,3849,14,4.35890411,male,NA,TRUE,TRUE,8,FALSE,Bing
0,Same,0,5703,15,4.832876712,female,NA,TRUE,FALSE,8,FALSE,Bing
1,New Label,0,3798,15,4.832876712,female,NA,TRUE,TRUE,8,FALSE,Bing
2,Same,1,3337,15,4.832876712,female,NA,TRUE,TRUE,8,FALSE,Bing
3,New Label,1,3523,15,4.832876712,female,NA,TRUE,TRUE,8,FALSE,Bing
0,Same,0,5646,16,3.854794521,male,NA,TRUE,TRUE,8,FALSE,Bing
1,New Label,0,4342,16,3.854794521,male,NA,TRUE,TRUE,8,FALSE,Bing
2,Same,1,3155,16,3.854794521,male,NA,TRUE,TRUE,8,FALSE,Bing
3,New Label,1,4824,16,3.854794521,male,NA,TRUE,TRUE,8,FALSE,Bing
0,Same,1,3491,17,4.830136986,female,NA,TRUE,TRUE,7,FALSE,Bing
1,New Label,1,4302,17,4.830136986,female,NA,TRUE,TRUE,7,FALSE,Bing
2,Same,0,3706,17,4.830136986,female,NA,TRUE,TRUE,7,FALSE,Bing
3,New Label,0,4319,17,4.830136986,female,NA,TRUE,FALSE,7,FALSE,Bing
0,Same,1,3387,18,4.509589041,female,NA,TRUE,TRUE,7,FALSE,Bing
1,New Label,1,3928,18,4.509589041,female,NA,TRUE,TRUE,7,FALSE,Bing
2,Same,0,5285,18,4.509589041,female,NA,TRUE,TRUE,7,FALSE,Bing
3,New Label,0,5894,18,4.509589041,female,NA,TRUE,FALSE,7,FALSE,Bing
0,Same,1,3564,19,NaN,female,NA,TRUE,TRUE,8,FALSE,Bing
1,New Label,0,4682,19,NaN,female,NA,TRUE,FALSE,8,FALSE,Bing
2,Same,0,3917,19,NaN,female,NA,TRUE,TRUE,8,FALSE,Bing
3,New Label,1,4740,19,NaN,female,NA,TRUE,TRUE,8,FALSE,Bing
0,Same,1,5056,20,3.8,male,NA,TRUE,TRUE,8,FALSE,Bing
1,New Label,1,11805,20,3.8,male,NA,TRUE,FALSE,8,FALSE,Bing
2,Same,0,7900,20,3.8,male,NA,TRUE,TRUE,8,FALSE,Bing
3,New Label,0,7268,20,3.8,male,NA,TRUE,FALSE,8,FALSE,Bing
0,Same,0,5971,21,4.81369863,male,NA,TRUE,FALSE,8,FALSE,Bing
1,New Label,0,3995,21,4.81369863,male,NA,TRUE,FALSE,8,FALSE,Bing
2,Same,1,3519,21,4.81369863,male,NA,TRUE,TRUE,8,FALSE,Bing
3,New Label,1,4560,21,4.81369863,male,NA,TRUE,FALSE,8,FALSE,Bing
0,Same,0,13061,22,3.260273973,male,NA,TRUE,FALSE,7,FALSE,Bing
1,New Label,1,5878,22,3.260273973,male,NA,TRUE,FALSE,7,FALSE,Bing
2,Same,1,5994,22,3.260273973,male,NA,TRUE,FALSE,7,FALSE,Bing
3,New Label,0,4780,22,3.260273973,male,NA,TRUE,TRUE,7,FALSE,Bing
0,Same,1,4309,23,3.339726027,female,NA,TRUE,TRUE,8,FALSE,Bing
1,New Label,0,12845,23,3.339726027,female,NA,TRUE,FALSE,8,FALSE,Bing
2,Same,0,4748,23,3.339726027,female,NA,TRUE,TRUE,8,FALSE,Bing
3,New Label,1,12032,23,3.339726027,female,NA,TRUE,TRUE,8,FALSE,Bing
0,Same,0,3634,24,4.093150685,female,NA,TRUE,TRUE,8,FALSE,Bing
1,New Label,0,4251,24,4.093150685,female,NA,TRUE,TRUE,8,FALSE,Bing
2,Same,1,3957,24,4.093150685,female,NA,TRUE,TRUE,8,FALSE,Bing
3,New Label,1,4551,24,4.093150685,female,NA,TRUE,FALSE,8,FALSE,Bing
0,Same,0,6833,25,3.501369863,male,NA,TRUE,FALSE,8,FALSE,Bing
1,New Label,0,4116,25,3.501369863,male,NA,TRUE,TRUE,8,FALSE,Bing
2,Same,1,4866,25,3.501369863,male,NA,TRUE,FALSE,8,FALSE,Bing
3,New Label,1,4412,25,3.501369863,male,NA,TRUE,TRUE,8,FALSE,Bing
0,Same,0,4341,26,3.147945205,female,NA,TRUE,FALSE,8,FALSE,Bing
1,New Label,0,5541,26,3.147945205,female,NA,TRUE,FALSE,8,FALSE,Bing
2,Same,1,4072,26,3.147945205,female,NA,TRUE,TRUE,8,FALSE,Bing
3,New Label,1,3436,26,3.147945205,female,NA,TRUE,FALSE,8,FALSE,Bing
0,Same,1,7729,27,3.495890411,male,NA,TRUE,TRUE,8,FALSE,Bing
1,New Label,1,4096,27,3.495890411,male,NA,TRUE,FALSE,8,FALSE,Bing
2,Same,0,2663,27,3.495890411,male,NA,TRUE,TRUE,8,FALSE,Bing
3,New Label,0,3367,27,3.495890411,male,NA,TRUE,TRUE,8,FALSE,Bing
0,Same,1,5849,28,3.663013699,female,NA,TRUE,TRUE,8,FALSE,Bing
1,New Label,0,5351,28,3.663013699,female,NA,TRUE,FALSE,8,FALSE,Bing
2,Same,0,4697,28,3.663013699,female,NA,TRUE,TRUE,8,FALSE,Bing
3,New Label,1,3736,28,3.663013699,female,NA,TRUE,TRUE,8,FALSE,Bing
0,Same,0,2638,29,4.98630137,male,NA,TRUE,TRUE,8,FALSE,Bing
1,New Label,0,5163,29,4.98630137,male,NA,TRUE,FALSE,8,FALSE,Bing
2,Same,1,3041,29,4.98630137,male,NA,TRUE,TRUE,8,FALSE,Bing
3,New Label,1,3484,29,4.98630137,male,NA,TRUE,FALSE,8,FALSE,Bing
0,Same,1,4531,30,4.597260274,female,NA,TRUE,TRUE,8,FALSE,Bing
1,New Label,0,5439,30,4.597260274,female,NA,TRUE,TRUE,8,FALSE,Bing
2,Same,0,3543,30,4.597260274,female,NA,TRUE,TRUE,8,FALSE,Bing
3,New Label,1,5938,30,4.597260274,female,NA,TRUE,TRUE,8,FALSE,Bing
0,Same,0,11373,31,3.597260274,female,NA,TRUE,TRUE,8,FALSE,Bing
1,New Label,0,11676,31,3.597260274,female,NA,TRUE,TRUE,8,FALSE,Bing
2,Same,1,5097,31,3.597260274,female,NA,TRUE,TRUE,8,FALSE,Bing
3,New Label,1,6396,31,3.597260274,female,NA,TRUE,FALSE,8,FALSE,Bing
0,Same,0,4076,32,3.679452055,female,NA,TRUE,TRUE,8,FALSE,Bing
1,New Label,0,4253,32,3.679452055,female,NA,TRUE,FALSE,8,FALSE,Bing
2,Same,1,3794,32,3.679452055,female,NA,TRUE,TRUE,8,FALSE,Bing
3,New Label,1,3729,32,3.679452055,female,NA,TRUE,TRUE,8,FALSE,Bing
0,Same,0,4216,33,4.298630137,female,NA,TRUE,TRUE,8,FALSE,Bing
1,New Label,1,5025,33,4.298630137,female,NA,TRUE,TRUE,8,FALSE,Bing
2,Same,1,3384,33,4.298630137,female,NA,TRUE,TRUE,8,FALSE,Bing
3,New Label,0,10298,33,4.298630137,female,NA,TRUE,TRUE,8,FALSE,Bing
0,Same,0,4318,34,4.928767123,female,NA,TRUE,TRUE,8,FALSE,Bing
1,New Label,0,4718,34,4.928767123,female,NA,TRUE,FALSE,8,FALSE,Bing
2,Same,1,3966,34,4.928767123,female,NA,TRUE,TRUE,8,FALSE,Bing
3,New Label,1,3889,34,4.928767123,female,NA,TRUE,TRUE,8,FALSE,Bing
0,Same,1,6484,35,3.432876712,male,NA,TRUE,FALSE,7,FALSE,Bing
1,New Label,1,4007,35,3.432876712,male,NA,TRUE,TRUE,7,FALSE,Bing
2,Same,0,6097,35,3.432876712,male,NA,TRUE,TRUE,7,FALSE,Bing
3,New Label,0,8555,35,3.432876712,male,NA,TRUE,FALSE,7,FALSE,Bing
0,Same,1,3580,36,4.97260274,male,NA,TRUE,TRUE,8,FALSE,Bing
1,New Label,1,4010,36,4.97260274,male,NA,TRUE,TRUE,8,FALSE,Bing
2,Same,0,3643,36,4.97260274,male,NA,TRUE,TRUE,8,FALSE,Bing
3,New Label,0,5158,36,4.97260274,male,NA,TRUE,TRUE,8,FALSE,Bing
0,Same,1,3812,37,3.534246575,female,NA,TRUE,TRUE,8,FALSE,Bing
1,New Label,1,8268,37,3.534246575,female,NA,TRUE,FALSE,8,FALSE,Bing
2,Same,0,3151,37,3.534246575,female,NA,TRUE,TRUE,8,FALSE,Bing
3,New Label,0,4674,37,3.534246575,female,NA,TRUE,FALSE,8,FALSE,Bing
0,Same,1,5615,38,4.304109589,female,NA,TRUE,TRUE,8,FALSE,Bing
1,New Label,1,4674,38,4.304109589,female,NA,TRUE,FALSE,8,FALSE,Bing
2,Same,0,3532,38,4.304109589,female,NA,TRUE,TRUE,8,FALSE,Bing
3,New Label,0,3907,38,4.304109589,female,NA,TRUE,FALSE,8,FALSE,Bing
0,Same,1,10902,39,3.389041096,male,NA,TRUE,TRUE,8,FALSE,Bing
1,New Label,0,7063,39,3.389041096,male,NA,TRUE,FALSE,8,FALSE,Bing
2,Same,0,9635,39,3.389041096,male,NA,TRUE,FALSE,8,FALSE,Bing
3,New Label,1,12335,39,3.389041096,male,NA,TRUE,TRUE,8,FALSE,Bing
0,Same,0,4169,40,4.556164384,female,NA,TRUE,TRUE,8,FALSE,Bing
1,New Label,1,4290,40,4.556164384,female,NA,TRUE,TRUE,8,FALSE,Bing
2,Same,1,3445,40,4.556164384,female,NA,TRUE,TRUE,8,FALSE,Bing
3,New Label,0,3978,40,4.556164384,female,NA,TRUE,TRUE,8,FALSE,Bing
0,Same,1,3625,41,3.709589041,male,NA,TRUE,TRUE,8,FALSE,Bing
1,New Label,0,5526,41,3.709589041,male,NA,TRUE,FALSE,8,FALSE,Bing
2,Same,0,4124,41,3.709589041,male,NA,TRUE,TRUE,8,FALSE,Bing
3,New Label,1,5317,41,3.709589041,male,NA,TRUE,TRUE,8,FALSE,Bing
0,Same,1,3327,42,3.484931507,male,NA,TRUE,TRUE,8,FALSE,Bing
1,New Label,1,3894,42,3.484931507,male,NA,TRUE,FALSE,8,FALSE,Bing
2,Same,0,3547,42,3.484931507,male,NA,TRUE,TRUE,8,FALSE,Bing
3,New Label,0,9468,42,3.484931507,male,NA,TRUE,FALSE,8,FALSE,Bing
0,Same,1,3517,43,4.37260274,male,NA,TRUE,TRUE,8,FALSE,Bing
1,New Label,1,3936,43,4.37260274,male,NA,TRUE,TRUE,8,FALSE,Bing
2,Same,0,3103,43,4.37260274,male,NA,TRUE,TRUE,8,FALSE,Bing
3,New Label,0,3774,43,4.37260274,male,NA,TRUE,FALSE,8,FALSE,Bing
0,Same,1,3766,44,4.367123288,male,NA,TRUE,TRUE,8,FALSE,Bing
1,New Label,1,3756,44,4.367123288,male,NA,TRUE,FALSE,8,FALSE,Bing
2,Same,0,3638,44,4.367123288,male,NA,TRUE,TRUE,8,FALSE,Bing
3,New Label,0,4432,44,4.367123288,male,NA,TRUE,TRUE,8,FALSE,Bing
0,Same,0,5925,45,3.739726027,male,NA,TRUE,TRUE,8,FALSE,Bing
1,New Label,1,3935,45,3.739726027,male,NA,TRUE,FALSE,8,FALSE,Bing
2,Same,1,2777,45,3.739726027,male,NA,TRUE,TRUE,8,FALSE,Bing
3,New Label,0,3764,45,3.739726027,male,NA,TRUE,TRUE,8,FALSE,Bing
0,Same,0,7931,46,4.120547945,male,NA,TRUE,TRUE,8,FALSE,Bing
1,New Label,0,5610,46,4.120547945,male,NA,TRUE,FALSE,8,FALSE,Bing
2,Same,1,3192,46,4.120547945,male,NA,TRUE,TRUE,8,FALSE,Bing
3,New Label,1,4398,46,4.120547945,male,NA,TRUE,FALSE,8,FALSE,Bing
0,Same,1,14778,47,4.153424658,male,NaN,TRUE,TRUE,6,FALSE,CDM
1,New Label,1,3976,47,4.153424658,male,NaN,TRUE,FALSE,6,FALSE,CDM
2,Same,0,4370,47,4.153424658,male,NaN,TRUE,TRUE,6,FALSE,CDM
3,New Label,0,4449,47,4.153424658,male,NaN,TRUE,FALSE,6,FALSE,CDM
0,Same,0,3586,48,4.153424658,female,NaN,TRUE,TRUE,8,FALSE,CDM
1,New Label,0,4893,48,4.153424658,female,NaN,TRUE,TRUE,8,FALSE,CDM
2,Same,1,7093,48,4.153424658,female,NaN,TRUE,TRUE,8,FALSE,CDM
3,New Label,1,3421,48,4.153424658,female,NaN,TRUE,FALSE,8,FALSE,CDM
0,Same,0,4638,49,6.295890411,male,90,TRUE,TRUE,8,FALSE,CDM
1,New Label,0,5438,49,6.295890411,male,90,TRUE,TRUE,8,FALSE,CDM
2,Same,1,10844,49,6.295890411,male,90,TRUE,TRUE,8,FALSE,CDM
3,New Label,1,5056,49,6.295890411,male,90,TRUE,FALSE,8,FALSE,CDM
0,Same,1,4485,50,4.276712329,male,90,TRUE,FALSE,7,FALSE,CDM
1,New Label,0,4085,50,4.276712329,male,90,TRUE,FALSE,7,FALSE,CDM
2,Same,0,4064,50,4.276712329,male,90,TRUE,TRUE,7,FALSE,CDM
3,New Label,1,3732,50,4.276712329,male,90,TRUE,TRUE,7,FALSE,CDM
0,Same,0,5940,51,3.065753425,male,90,TRUE,TRUE,7,FALSE,CDM
1,New Label,1,9347,51,3.065753425,male,90,TRUE,FALSE,7,FALSE,CDM
2,Same,1,4396,51,3.065753425,male,90,TRUE,FALSE,7,FALSE,CDM
3,New Label,0,4603,51,3.065753425,male,90,TRUE,FALSE,7,FALSE,CDM
0,Same,0,3631,52,8.068493151,male,50,TRUE,TRUE,8,FALSE,CDM
1,New Label,1,4855,52,8.068493151,male,50,TRUE,FALSE,8,FALSE,CDM
2,Same,1,5238,52,8.068493151,male,50,TRUE,FALSE,8,FALSE,CDM
3,New Label,0,5009,52,8.068493151,male,50,TRUE,TRUE,8,FALSE,CDM
0,Same,1,3908,53,4.583561644,female,75,TRUE,TRUE,8,FALSE,CDM
1,New Label,0,5198,53,4.583561644,female,75,TRUE,FALSE,8,FALSE,CDM
2,Same,0,22460,53,4.583561644,female,75,TRUE,TRUE,8,FALSE,CDM
3,New Label,1,5654,53,4.583561644,female,75,TRUE,TRUE,8,FALSE,CDM
0,Same,1,3850,54,4.780821918,male,75,TRUE,TRUE,8,FALSE,CDM
1,New Label,1,3898,54,4.780821918,male,75,TRUE,FALSE,8,FALSE,CDM
2,Same,0,3573,54,4.780821918,male,75,TRUE,FALSE,8,FALSE,CDM
3,New Label,0,7161,54,4.780821918,male,75,TRUE,TRUE,8,FALSE,CDM
0,Same,0,4444,55,3.791780822,male,50,TRUE,TRUE,7,FALSE,CDM
1,New Label,1,4248,55,3.791780822,male,50,TRUE,FALSE,7,FALSE,CDM
2,Same,1,4218,55,3.791780822,male,50,TRUE,FALSE,7,FALSE,CDM
3,New Label,0,4646,55,3.791780822,male,50,TRUE,TRUE,7,FALSE,CDM
0,Same,0,5936,56,5.347945205,male,75,TRUE,TRUE,8,FALSE,CDM
1,New Label,0,6636,56,5.347945205,male,75,TRUE,TRUE,8,FALSE,CDM
2,Same,1,3951,56,5.347945205,male,75,TRUE,TRUE,8,FALSE,CDM
3,New Label,1,8185,56,5.347945205,male,75,TRUE,FALSE,8,FALSE,CDM
0,Same,1,8800,57,6.854794521,female,NaN,TRUE,TRUE,8,FALSE,CDM
1,New Label,1,7849,57,6.854794521,female,NaN,TRUE,FALSE,8,FALSE,CDM
2,Same,0,4769,57,6.854794521,female,NaN,TRUE,TRUE,8,FALSE,CDM
3,New Label,0,5753,57,6.854794521,female,NaN,TRUE,FALSE,8,FALSE,CDM
0,Same,1,5031,58,3.487671233,male,100,TRUE,FALSE,8,FALSE,CDM
1,New Label,0,3997,58,3.487671233,male,100,TRUE,TRUE,8,FALSE,CDM
2,Same,0,5471,58,3.487671233,male,100,TRUE,TRUE,8,FALSE,CDM
3,New Label,1,9069,58,3.487671233,male,100,TRUE,FALSE,8,FALSE,CDM
0,Same,1,4044,59,4.764383562,female,100,TRUE,TRUE,8,FALSE,CDM
1,New Label,1,4290,59,4.764383562,female,100,TRUE,FALSE,8,FALSE,CDM
2,Same,0,5336,59,4.764383562,female,100,TRUE,TRUE,8,FALSE,CDM
3,New Label,0,4113,59,4.764383562,female,100,TRUE,FALSE,8,FALSE,CDM
0,Same,0,4112,60,5.28,male,90,TRUE,TRUE,8,FALSE,CDM
1,New Label,0,6433,60,5.28,male,90,TRUE,FALSE,8,FALSE,CDM
2,Same,1,4180,60,5.28,male,90,TRUE,TRUE,8,FALSE,CDM
3,New Label,1,5125,60,5.28,male,90,TRUE,FALSE,8,FALSE,CDM
0,Same,1,3493,61,3.736986301,male,50,TRUE,TRUE,8,FALSE,CDM
1,New Label,1,3388,61,3.736986301,male,50,TRUE,FALSE,8,FALSE,CDM
2,Same,0,2804,61,3.736986301,male,50,TRUE,FALSE,8,FALSE,CDM
3,New Label,0,4444,61,3.736986301,male,50,TRUE,TRUE,8,FALSE,CDM
0,Same,1,3999,62,4.495890411,male,NaN,TRUE,TRUE,8,FALSE,CDM
1,New Label,0,4898,62,4.495890411,male,NaN,TRUE,TRUE,8,FALSE,CDM
2,Same,0,3886,62,4.495890411,male,NaN,TRUE,TRUE,8,FALSE,CDM
3,New Label,1,5787,62,4.495890411,male,NaN,TRUE,FALSE,8,FALSE,CDM
0,Same,0,8936,63,4.008219178,male,NaN,TRUE,TRUE,8,FALSE,CDM
1,New Label,1,5575,63,4.008219178,male,NaN,TRUE,FALSE,8,FALSE,CDM
2,Same,1,3487,63,4.008219178,male,NaN,TRUE,TRUE,8,FALSE,CDM
3,New Label,0,6693,63,4.008219178,male,NaN,TRUE,TRUE,8,FALSE,CDM
0,Same,1,3500,64,3.246575342,female,100,TRUE,TRUE,7,FALSE,CDM
1,New Label,0,3703,64,3.246575342,female,100,TRUE,TRUE,7,FALSE,CDM
2,Same,0,4130,64,3.246575342,female,100,TRUE,FALSE,7,FALSE,CDM
3,New Label,1,4982,64,3.246575342,female,100,TRUE,FALSE,7,FALSE,CDM
0,Same,0,11004,65,3.032876712,male,75,TRUE,TRUE,7,FALSE,CDM
1,New Label,0,7193,65,3.032876712,male,75,TRUE,FALSE,7,FALSE,CDM
2,Same,1,9416,65,3.032876712,male,75,TRUE,TRUE,7,FALSE,CDM
3,New Label,1,14511,65,3.032876712,male,75,TRUE,FALSE,7,FALSE,CDM
0,Same,0,3541,66,3.375342466,male,75,TRUE,FALSE,8,FALSE,CDM
1,New Label,1,4657,66,3.375342466,male,75,TRUE,FALSE,8,FALSE,CDM
2,Same,1,6505,66,3.375342466,male,75,TRUE,TRUE,8,FALSE,CDM
3,New Label,0,4051,66,3.375342466,male,75,TRUE,FALSE,8,FALSE,CDM
0,Same,1,3728,67,2.997260274,male,75,TRUE,TRUE,8,FALSE,CDM
1,New Label,0,5984,67,2.997260274,male,75,TRUE,TRUE,8,FALSE,CDM
2,Same,0,6640,67,2.997260274,male,75,TRUE,TRUE,8,FALSE,CDM
3,New Label,1,8822,67,2.997260274,male,75,TRUE,TRUE,8,FALSE,CDM
0,Same,1,3713,68,5.473972603,female,90,TRUE,TRUE,8,FALSE,CDM
1,New Label,1,4609,68,5.473972603,female,90,TRUE,FALSE,8,FALSE,CDM
2,Same,0,3883,68,5.473972603,female,90,TRUE,TRUE,8,FALSE,CDM
3,New Label,0,3524,68,5.473972603,female,90,TRUE,TRUE,8,FALSE,CDM
0,Same,1,3862,69,4.435616438,male,50,TRUE,FALSE,8,FALSE,CDM
1,New Label,0,3836,69,4.435616438,male,50,TRUE,FALSE,8,FALSE,CDM
2,Same,0,4230,69,4.435616438,male,50,TRUE,TRUE,8,FALSE,CDM
3,New Label,1,3998,69,4.435616438,male,50,TRUE,FALSE,8,FALSE,CDM
0,Same,0,3915,70,6.17260274,male,NaN,TRUE,TRUE,8,FALSE,CDM
1,New Label,1,3113,70,6.17260274,male,NaN,TRUE,FALSE,8,FALSE,CDM
2,Same,1,3642,70,6.17260274,male,NaN,TRUE,TRUE,8,FALSE,CDM
3,New Label,0,3930,70,6.17260274,male,NaN,TRUE,FALSE,8,FALSE,CDM
0,Same,0,3885,71,5.989041096,male,50,TRUE,FALSE,7,FALSE,CDM
1,New Label,1,4710,71,5.989041096,male,50,TRUE,FALSE,7,FALSE,CDM
2,Same,1,3968,71,5.989041096,male,50,TRUE,TRUE,7,FALSE,CDM
3,New Label,0,4054,71,5.989041096,male,50,TRUE,FALSE,7,FALSE,CDM
0,Same,1,5005,72,3.583561644,male,25,TRUE,TRUE,7,FALSE,CDM
1,New Label,1,8109,72,3.583561644,male,25,TRUE,TRUE,7,FALSE,CDM
2,Same,0,4810,72,3.583561644,male,25,TRUE,TRUE,7,FALSE,CDM
3,New Label,0,6067,72,3.583561644,male,25,TRUE,TRUE,7,FALSE,CDM
0,Same,0,3860,73,5.057534247,male,100,TRUE,TRUE,8,FALSE,CDM
1,New Label,1,4790,73,5.057534247,male,100,TRUE,FALSE,8,FALSE,CDM
2,Same,1,4066,73,5.057534247,male,100,TRUE,TRUE,8,FALSE,CDM
3,New Label,0,3923,73,5.057534247,male,100,TRUE,FALSE,8,FALSE,CDM
0,Same,1,5968,74,7.35890411,female,NaN,TRUE,TRUE,8,FALSE,CDM
1,New Label,0,6483,74,7.35890411,female,NaN,TRUE,TRUE,8,FALSE,CDM
2,Same,0,3902,74,7.35890411,female,NaN,TRUE,TRUE,8,FALSE,CDM
3,New Label,1,3957,74,7.35890411,female,NaN,TRUE,FALSE,8,FALSE,CDM
0,Same,0,4847,75,4.216438356,male,50,TRUE,TRUE,8,FALSE,CDM
1,New Label,0,4871,75,4.216438356,male,50,TRUE,FALSE,8,FALSE,CDM
2,Same,1,4593,75,4.216438356,male,50,TRUE,TRUE,8,FALSE,CDM
3,New Label,1,3658,75,4.216438356,male,50,TRUE,FALSE,8,FALSE,CDM
0,Same,1,3283,76,5.243835616,male,90,TRUE,TRUE,8,FALSE,CDM
1,New Label,0,4100,76,5.243835616,male,90,TRUE,TRUE,8,FALSE,CDM
2,Same,0,3289,76,5.243835616,male,90,TRUE,TRUE,8,FALSE,CDM
3,New Label,1,4199,76,5.243835616,male,90,TRUE,FALSE,8,FALSE,CDM
0,Same,1,4460,77,6.090410959,male,50,TRUE,TRUE,8,FALSE,CDM
1,New Label,1,6640,77,6.090410959,male,50,TRUE,FALSE,8,FALSE,CDM
2,Same,0,3595,77,6.090410959,male,50,TRUE,TRUE,8,FALSE,CDM
3,New Label,0,4738,77,6.090410959,male,50,TRUE,FALSE,8,FALSE,CDM
0,Same,0,10399,78,3.553424658,female,75,TRUE,TRUE,8,FALSE,CDM
1,New Label,1,4821,78,3.553424658,female,75,TRUE,FALSE,8,FALSE,CDM
2,Same,1,3594,78,3.553424658,female,75,TRUE,TRUE,8,FALSE,CDM
3,New Label,0,5005,78,3.553424658,female,75,TRUE,TRUE,8,FALSE,CDM
0,Same,0,4126,79,4.008219178,male,NaN,TRUE,TRUE,6,FALSE,CDM
1,New Label,0,4321,79,4.008219178,male,NaN,TRUE,FALSE,6,FALSE,CDM
2,Same,1,3123,79,4.008219178,male,NaN,TRUE,TRUE,6,FALSE,CDM
3,New Label,1,6828,79,4.008219178,male,NaN,TRUE,FALSE,6,FALSE,CDM
0,Same,0,5377,80,6.350684932,male,25,TRUE,TRUE,8,FALSE,CDM
1,New Label,0,4464,80,6.350684932,male,25,TRUE,TRUE,8,FALSE,CDM
2,Same,1,6619,80,6.350684932,male,25,TRUE,TRUE,8,FALSE,CDM
3,New Label,1,3478,80,6.350684932,male,25,TRUE,TRUE,8,FALSE,CDM
0,Same,1,4519,81,8.449315068,male,50,TRUE,TRUE,8,FALSE,CDM
1,New Label,1,5016,81,8.449315068,male,50,TRUE,FALSE,8,FALSE,CDM
2,Same,0,4216,81,8.449315068,male,50,TRUE,TRUE,8,FALSE,CDM
3,New Label,0,4472,81,8.449315068,male,50,TRUE,FALSE,8,FALSE,CDM
0,Same,1,4935,82,6.260273973,female,NaN,TRUE,TRUE,NA,FALSE,CDM
1,New Label,1,4929,82,6.260273973,female,NaN,TRUE,FALSE,NA,FALSE,CDM
2,Same,0,3516,82,6.260273973,female,NaN,TRUE,TRUE,NA,FALSE,CDM
3,New Label,0,4707,82,6.260273973,female,NaN,TRUE,FALSE,NA,FALSE,CDM
0,Same,1,3622,83,4.942465753,male,75,TRUE,TRUE,8,FALSE,CDM
1,New Label,1,3394,83,4.942465753,male,75,TRUE,FALSE,8,FALSE,CDM
2,Same,0,3608,83,4.942465753,male,75,TRUE,TRUE,8,FALSE,CDM
3,New Label,0,4003,83,4.942465753,male,75,TRUE,TRUE,8,FALSE,CDM
0,Same,1,3765,84,4.452054795,male,100,TRUE,TRUE,8,FALSE,CDM
1,New Label,0,4681,84,4.452054795,male,100,TRUE,TRUE,8,FALSE,CDM
2,Same,0,7120,84,4.452054795,male,100,TRUE,TRUE,8,FALSE,CDM
3,New Label,1,5103,84,4.452054795,male,100,TRUE,FALSE,8,FALSE,CDM
0,Same,1,6819,85,5.876712329,male,NaN,TRUE,FALSE,8,FALSE,CDM
1,New Label,0,5234,85,5.876712329,male,NaN,TRUE,FALSE,8,FALSE,CDM
2,Same,0,4531,85,5.876712329,male,NaN,TRUE,TRUE,8,FALSE,CDM
3,New Label,1,4581,85,5.876712329,male,NaN,TRUE,FALSE,8,FALSE,CDM
0,Same,1,26690,86,4.695890411,female,100,TRUE,TRUE,7,FALSE,CDM
1,New Label,1,10196,86,4.695890411,female,100,TRUE,FALSE,7,FALSE,CDM
2,Same,0,3634,86,4.695890411,female,100,TRUE,TRUE,7,FALSE,CDM
3,New Label,0,7108,86,4.695890411,female,100,TRUE,TRUE,7,FALSE,CDM
0,Same,0,3846,87,4.353424658,NaN,NaN,TRUE,TRUE,4,FALSE,CDM
1,New Label,1,4269,87,4.353424658,NaN,NaN,TRUE,FALSE,4,FALSE,CDM
2,Same,1,3836,87,4.353424658,NaN,NaN,TRUE,TRUE,4,FALSE,CDM
3,New Label,0,4248,87,4.353424658,NaN,NaN,TRUE,FALSE,4,FALSE,CDM
0,Same,1,3647,88,5.964383562,male,75,TRUE,TRUE,8,FALSE,CDM
1,New Label,0,4857,88,5.964383562,male,75,TRUE,TRUE,8,FALSE,CDM
2,Same,0,4123,88,5.964383562,male,75,TRUE,TRUE,8,FALSE,CDM
3,New Label,1,6423,88,5.964383562,male,75,TRUE,FALSE,8,FALSE,CDM
0,Same,0,4848,89,3.81369863,male,75,TRUE,TRUE,8,FALSE,CDM
1,New Label,0,4356,89,3.81369863,male,75,TRUE,TRUE,8,FALSE,CDM
2,Same,1,4598,89,3.81369863,male,75,TRUE,TRUE,8,FALSE,CDM
3,New Label,1,5676,89,3.81369863,male,75,TRUE,FALSE,8,FALSE,CDM
0,Same,0,5877,90,5.380821918,female,100,TRUE,TRUE,8,FALSE,CDM
1,New Label,0,6980,90,5.380821918,female,100,TRUE,TRUE,8,FALSE,CDM
2,Same,1,4056,90,5.380821918,female,100,TRUE,TRUE,8,FALSE,CDM
3,New Label,1,6954,90,5.380821918,female,100,TRUE,TRUE,8,FALSE,CDM
0,Same,0,7744,91,4.104109589,female,75,TRUE,TRUE,8,FALSE,CDM
1,New Label,0,4014,91,4.104109589,female,75,TRUE,FALSE,8,FALSE,CDM
2,Same,1,3650,91,4.104109589,female,75,TRUE,TRUE,8,FALSE,CDM
3,New Label,1,7368,91,4.104109589,female,75,TRUE,TRUE,8,FALSE,CDM
0,Same,1,5546,92,5.917808219,female,100,TRUE,TRUE,8,FALSE,CDM
1,New Label,0,5541,92,5.917808219,female,100,TRUE,FALSE,8,FALSE,CDM
2,Same,0,7306,92,5.917808219,female,100,TRUE,TRUE,8,FALSE,CDM
3,New Label,1,3891,92,5.917808219,female,100,TRUE,TRUE,8,FALSE,CDM
0,Same,0,6674,93,2.989041096,male,75,TRUE,TRUE,7,FALSE,CDM
1,New Label,0,4657,93,2.989041096,male,75,TRUE,FALSE,7,FALSE,CDM
2,Same,1,4407,93,2.989041096,male,75,TRUE,TRUE,7,FALSE,CDM
3,New Label,1,5170,93,2.989041096,male,75,TRUE,FALSE,7,FALSE,CDM
0,Same,0,3165,94,5.783561644,female,100,TRUE,TRUE,8,FALSE,CDM
1,New Label,0,4208,94,5.783561644,female,100,TRUE,TRUE,8,FALSE,CDM
2,Same,1,3356,94,5.783561644,female,100,TRUE,TRUE,8,FALSE,CDM
3,New Label,1,4543,94,5.783561644,female,100,TRUE,FALSE,8,FALSE,CDM
0,Same,0,4541,95,5.895890411,female,100,TRUE,TRUE,8,FALSE,CDM
1,New Label,0,4624,95,5.895890411,female,100,TRUE,TRUE,8,FALSE,CDM
2,Same,1,3786,95,5.895890411,female,100,TRUE,TRUE,8,FALSE,CDM
3,New Label,1,4471,95,5.895890411,female,100,TRUE,TRUE,8,FALSE,CDM
0,Same,1,3741,96,4.350684932,female,100,TRUE,TRUE,6,FALSE,CDM
1,New Label,1,3554,96,4.350684932,female,100,TRUE,FALSE,6,FALSE,CDM
2,Same,0,3057,96,4.350684932,female,100,TRUE,TRUE,6,FALSE,CDM
3,New Label,0,4411,96,4.350684932,female,100,TRUE,FALSE,6,FALSE,CDM
0,Same,0,3886,97,4.797260274,female,100,TRUE,TRUE,8,FALSE,CDM
1,New Label,1,4090,97,4.797260274,female,100,TRUE,FALSE,8,FALSE,CDM
2,Same,1,3324,97,4.797260274,female,100,TRUE,TRUE,8,FALSE,CDM
3,New Label,0,4391,97,4.797260274,female,100,TRUE,FALSE,8,FALSE,CDM
0,Same,1,13321,98,4.002739726,female,100,TRUE,TRUE,8,FALSE,CDM
1,New Label,0,15365,98,4.002739726,female,100,TRUE,FALSE,8,FALSE,CDM
2,Same,0,5211,98,4.002739726,female,100,TRUE,TRUE,8,FALSE,CDM
3,New Label,1,10322,98,4.002739726,female,100,TRUE,FALSE,8,FALSE,CDM
0,Same,0,5038,99,4.169863014,male,75,TRUE,FALSE,8,FALSE,CDM
1,New Label,0,12000,99,4.169863014,male,75,TRUE,TRUE,8,FALSE,CDM
2,Same,1,4351,99,4.169863014,male,75,TRUE,FALSE,8,FALSE,CDM
3,New Label,1,7747,99,4.169863014,male,75,TRUE,FALSE,8,FALSE,CDM
0,Same,1,4758,100,5.720547945,male,100,TRUE,TRUE,8,FALSE,CDM
1,New Label,0,6675,100,5.720547945,male,100,TRUE,TRUE,8,FALSE,CDM
2,Same,0,2887,100,5.720547945,male,100,TRUE,TRUE,8,FALSE,CDM
3,New Label,1,4213,100,5.720547945,male,100,TRUE,TRUE,8,FALSE,CDM
0,Same,1,7080,101,5.257534247,female,50,TRUE,TRUE,8,FALSE,CDM
1,New Label,0,8135,101,5.257534247,female,50,TRUE,TRUE,8,FALSE,CDM
2,Same,0,3900,101,5.257534247,female,50,TRUE,TRUE,8,FALSE,CDM
3,New Label,1,17426,101,5.257534247,female,50,TRUE,FALSE,8,FALSE,CDM
0,Same,1,4690,102,4.2,male,25,TRUE,FALSE,8,FALSE,CDM
1,New Label,1,12408,102,4.2,male,25,TRUE,TRUE,8,FALSE,CDM
2,Same,0,3715,102,4.2,male,25,TRUE,TRUE,8,FALSE,CDM
3,New Label,0,7662,102,4.2,male,25,TRUE,FALSE,8,FALSE,CDM
0,Same,1,7620,103,3.778082192,female,100,TRUE,TRUE,8,FALSE,CDM
1,New Label,0,18078,103,3.778082192,female,100,TRUE,TRUE,8,FALSE,CDM
2,Same,0,3996,103,3.778082192,female,100,TRUE,TRUE,8,FALSE,CDM
3,New Label,1,19086,103,3.778082192,female,100,TRUE,FALSE,8,FALSE,CDM
0,Same,1,5475,104,5.55890411,male,100,TRUE,FALSE,8,FALSE,CDM
1,New Label,0,5070,104,5.55890411,male,100,TRUE,FALSE,8,FALSE,CDM
2,Same,0,6378,104,5.55890411,male,100,TRUE,FALSE,8,FALSE,CDM
3,New Label,1,4536,104,5.55890411,male,100,TRUE,TRUE,8,FALSE,CDM
0,Same,1,7158,105,3.526027397,male,90,TRUE,FALSE,8,FALSE,CDM
1,New Label,0,7456,105,3.526027397,male,90,TRUE,TRUE,8,FALSE,CDM
2,Same,0,6283,105,3.526027397,male,90,TRUE,TRUE,8,FALSE,CDM
3,New Label,1,7834,105,3.526027397,male,90,TRUE,FALSE,8,FALSE,CDM
0,Same,1,5545,106,3.654794521,female,90,TRUE,TRUE,8,FALSE,CDM
1,New Label,0,6277,106,3.654794521,female,90,TRUE,FALSE,8,FALSE,CDM
2,Same,0,3860,106,3.654794521,female,90,TRUE,TRUE,8,FALSE,CDM
3,New Label,1,7347,106,3.654794521,female,90,TRUE,FALSE,8,FALSE,CDM
0,Same,1,7842,107,5.676712329,female,100,TRUE,TRUE,8,FALSE,CDM
1,New Label,0,5514,107,5.676712329,female,100,TRUE,FALSE,8,FALSE,CDM
2,Same,0,5415,107,5.676712329,female,100,TRUE,TRUE,8,FALSE,CDM
3,New Label,1,5765,107,5.676712329,female,100,TRUE,FALSE,8,FALSE,CDM
0,Same,0,5083,108,4.693150685,female,100,TRUE,FALSE,8,FALSE,CDM
1,New Label,1,3967,108,4.693150685,female,100,TRUE,TRUE,8,FALSE,CDM
2,Same,1,4013,108,4.693150685,female,100,TRUE,FALSE,8,FALSE,CDM
3,New Label,0,4015,108,4.693150685,female,100,TRUE,FALSE,8,FALSE,CDM
0,Same,1,6007,109,5.309589041,female,90,TRUE,TRUE,8,FALSE,CDM
1,New Label,0,4578,109,5.309589041,female,90,TRUE,FALSE,8,FALSE,CDM
2,Same,0,4779,109,5.309589041,female,90,TRUE,TRUE,8,FALSE,CDM
3,New Label,1,4754,109,5.309589041,female,90,TRUE,FALSE,8,FALSE,CDM
0,Same,0,5374,110,5.290410959,female,100,TRUE,TRUE,8,FALSE,CDM
1,New Label,1,3876,110,5.290410959,female,100,TRUE,TRUE,8,FALSE,CDM
2,Same,1,3466,110,5.290410959,female,100,TRUE,TRUE,8,FALSE,CDM
3,New Label,0,4657,110,5.290410959,female,100,TRUE,TRUE,8,FALSE,CDM
0,Same,1,3844,111,4.15890411,male,100,TRUE,TRUE,8,FALSE,CDM
1,New Label,0,7363,111,4.15890411,male,100,TRUE,TRUE,8,FALSE,CDM
2,Same,0,4266,111,4.15890411,male,100,TRUE,TRUE,8,FALSE,CDM
3,New Label,1,4134,111,4.15890411,male,100,TRUE,TRUE,8,FALSE,CDM
0,Same,1,8161,112,5.860273973,female,100,TRUE,TRUE,8,FALSE,CDM
1,New Label,1,4070,112,5.860273973,female,100,TRUE,FALSE,8,FALSE,CDM
2,Same,0,3114,112,5.860273973,female,100,TRUE,TRUE,8,FALSE,CDM
3,New Label,0,6799,112,5.860273973,female,100,TRUE,TRUE,8,FALSE,CDM
0,Same,1,4345,113,4.830136986,male,100,TRUE,TRUE,8,FALSE,CDM
1,New Label,1,12796,113,4.830136986,male,100,TRUE,TRUE,8,FALSE,CDM
2,Same,0,3922,113,4.830136986,male,100,TRUE,TRUE,8,FALSE,CDM
3,New Label,0,7067,113,4.830136986,male,100,TRUE,FALSE,8,FALSE,CDM
0,Same,1,4727,114,4.909589041,male,100,TRUE,FALSE,8,FALSE,CDM
1,New Label,0,4446,114,4.909589041,male,100,TRUE,FALSE,8,FALSE,CDM
2,Same,0,4461,114,4.909589041,male,100,TRUE,TRUE,8,FALSE,CDM
3,New Label,1,4261,114,4.909589041,male,100,TRUE,TRUE,8,FALSE,CDM
0,Same,0,3766,115,5.01369863,female,100,TRUE,TRUE,8,FALSE,CDM
1,New Label,0,4171,115,5.01369863,female,100,TRUE,TRUE,8,FALSE,CDM
2,Same,1,3814,115,5.01369863,female,100,TRUE,TRUE,8,FALSE,CDM
3,New Label,1,5978,115,5.01369863,female,100,TRUE,TRUE,8,FALSE,CDM
0,Same,0,4136,116,3.498630137,male,100,TRUE,TRUE,8,FALSE,CDM
1,New Label,0,4341,116,3.498630137,male,100,TRUE,FALSE,8,FALSE,CDM
2,Same,1,4057,116,3.498630137,male,100,TRUE,TRUE,8,FALSE,CDM
3,New Label,1,3863,116,3.498630137,male,100,TRUE,FALSE,8,FALSE,CDM
0,Same,1,6658,117,3.942465753,male,100,TRUE,TRUE,8,FALSE,CDM
1,New Label,1,3161,117,3.942465753,male,100,TRUE,FALSE,8,FALSE,CDM
2,Same,0,3543,117,3.942465753,male,100,TRUE,TRUE,8,FALSE,CDM
3,New Label,0,3707,117,3.942465753,male,100,TRUE,TRUE,8,FALSE,CDM
0,Same,0,4360,118,5.682191781,female,100,TRUE,TRUE,8,FALSE,CDM
1,New Label,0,4425,118,5.682191781,female,100,TRUE,FALSE,8,FALSE,CDM
2,Same,1,3765,118,5.682191781,female,100,TRUE,TRUE,8,FALSE,CDM
3,New Label,1,4866,118,5.682191781,female,100,TRUE,FALSE,8,FALSE,CDM
0,Same,0,7653,119,3.142465753,female,100,TRUE,TRUE,8,FALSE,CDM
1,New Label,0,8825,119,3.142465753,female,100,TRUE,TRUE,8,FALSE,CDM
2,Same,1,4770,119,3.142465753,female,100,TRUE,TRUE,8,FALSE,CDM
3,New Label,1,5197,119,3.142465753,female,100,TRUE,FALSE,8,FALSE,CDM
0,Same,1,5026,120,3.682191781,male,100,TRUE,TRUE,8,FALSE,CDM
1,New Label,1,4641,120,3.682191781,male,100,TRUE,FALSE,8,FALSE,CDM
2,Same,0,5451,120,3.682191781,male,100,TRUE,TRUE,8,FALSE,CDM
3,New Label,0,5011,120,3.682191781,male,100,TRUE,FALSE,8,FALSE,CDM
0,Same,0,3939,121,4.706849315,male,50,TRUE,TRUE,8,FALSE,CDM
1,New Label,1,5375,121,4.706849315,male,50,TRUE,FALSE,8,FALSE,CDM
2,Same,1,3746,121,4.706849315,male,50,TRUE,TRUE,8,FALSE,CDM
3,New Label,0,3827,121,4.706849315,male,50,TRUE,TRUE,8,FALSE,CDM
0,Same,0,3661,122,4.021917808,male,90,TRUE,TRUE,8,FALSE,CDM
1,New Label,0,4392,122,4.021917808,male,90,TRUE,FALSE,8,FALSE,CDM
2,Same,1,3572,122,4.021917808,male,90,TRUE,TRUE,8,FALSE,CDM
3,New Label,1,5171,122,4.021917808,male,90,TRUE,FALSE,8,FALSE,CDM
0,Same,0,5490,123,4.024657534,female,100,TRUE,TRUE,8,FALSE,CDM
1,New Label,1,5118,123,4.024657534,female,100,TRUE,FALSE,8,FALSE,CDM
2,Same,1,3460,123,4.024657534,female,100,TRUE,TRUE,8,FALSE,CDM
3,New Label,0,3759,123,4.024657534,female,100,TRUE,FALSE,8,FALSE,CDM
0,Same,0,3949,124,5.060273973,female,90,TRUE,TRUE,8,FALSE,CDM
1,New Label,1,4795,124,5.060273973,female,90,TRUE,FALSE,8,FALSE,CDM
2,Same,1,3849,124,5.060273973,female,90,TRUE,TRUE,8,FALSE,CDM
3,New Label,0,4106,124,5.060273973,female,90,TRUE,FALSE,8,FALSE,CDM
0,Same,1,4926,125,5.797260274,female,90,TRUE,TRUE,8,FALSE,CDM
1,New Label,0,10273,125,5.797260274,female,90,TRUE,TRUE,8,FALSE,CDM
2,Same,0,5888,125,5.797260274,female,90,TRUE,TRUE,8,FALSE,CDM
3,New Label,1,6509,125,5.797260274,female,90,TRUE,TRUE,8,FALSE,CDM
0,Same,0,6462,126,3.367123288,male,100,TRUE,TRUE,8,FALSE,CDM
1,New Label,1,7259,126,3.367123288,male,100,TRUE,FALSE,8,FALSE,CDM
2,Same,1,4040,126,3.367123288,male,100,TRUE,TRUE,8,FALSE,CDM
3,New Label,0,3934,126,3.367123288,male,100,TRUE,TRUE,8,FALSE,CDM
0,Same,1,4540,127,4.794520548,female,100,TRUE,TRUE,8,FALSE,CDM
1,New Label,0,4681,127,4.794520548,female,100,TRUE,TRUE,8,FALSE,CDM
2,Same,0,3929,127,4.794520548,female,100,TRUE,TRUE,8,FALSE,CDM
3,New Label,1,8317,127,4.794520548,female,100,TRUE,TRUE,8,FALSE,CDM
0,Same,0,3596,128,4.334246575,male,100,TRUE,TRUE,8,FALSE,CDM
1,New Label,0,6300,128,4.334246575,male,100,TRUE,FALSE,8,FALSE,CDM
2,Same,1,4010,128,4.334246575,male,100,TRUE,FALSE,8,FALSE,CDM
3,New Label,1,3837,128,4.334246575,male,100,TRUE,FALSE,8,FALSE,CDM
0,Same,1,7310,129,6.706849315,male,100,TRUE,FALSE,8,FALSE,CDM
1,New Label,0,4703,129,6.706849315,male,100,TRUE,FALSE,8,FALSE,CDM
2,Same,0,4744,129,6.706849315,male,100,TRUE,TRUE,8,FALSE,CDM
3,New Label,1,8960,129,6.706849315,male,100,TRUE,FALSE,8,FALSE,CDM
0,Same,1,4422,130,5.008219178,female,100,TRUE,TRUE,8,FALSE,CDM
1,New Label,1,5392,130,5.008219178,female,100,TRUE,FALSE,8,FALSE,CDM
2,Same,0,5450,130,5.008219178,female,100,TRUE,TRUE,8,FALSE,CDM
3,New Label,0,4865,130,5.008219178,female,100,TRUE,TRUE,8,FALSE,CDM
0,Same,1,6564,131,5.112328767,female,100,TRUE,TRUE,8,FALSE,CDM
1,New Label,1,7299,131,5.112328767,female,100,TRUE,FALSE,8,FALSE,CDM
2,Same,0,7097,131,5.112328767,female,100,TRUE,TRUE,8,FALSE,CDM
3,New Label,0,4976,131,5.112328767,female,100,TRUE,FALSE,8,FALSE,CDM
0,Same,0,4544,132,5.112328767,female,100,TRUE,TRUE,8,FALSE,CDM
1,New Label,1,4052,132,5.112328767,female,100,TRUE,FALSE,8,FALSE,CDM
2,Same,1,8624,132,5.112328767,female,100,TRUE,TRUE,8,FALSE,CDM
3,New Label,0,3751,132,5.112328767,female,100,TRUE,TRUE,8,FALSE,CDM
0,Same,1,5749,133,2.684931507,female,100,TRUE,TRUE,8,FALSE,CDM
1,New Label,1,4531,133,2.684931507,female,100,TRUE,FALSE,8,FALSE,CDM
2,Same,0,4273,133,2.684931507,female,100,TRUE,FALSE,8,FALSE,CDM
3,New Label,0,9664,133,2.684931507,female,100,TRUE,TRUE,8,FALSE,CDM
0,Same,1,5954,134,6.22739726,male,100,TRUE,TRUE,8,FALSE,CDM
1,New Label,1,6505,134,6.22739726,male,100,TRUE,TRUE,8,FALSE,CDM
2,Same,0,5511,134,6.22739726,male,100,TRUE,TRUE,8,FALSE,CDM
3,New Label,0,5108,134,6.22739726,male,100,TRUE,FALSE,8,FALSE,CDM
0,Same,0,5020,135,4.619178082,male,90,TRUE,TRUE,8,FALSE,CDM
1,New Label,1,6779,135,4.619178082,male,90,TRUE,FALSE,8,FALSE,CDM
2,Same,1,5199,135,4.619178082,male,90,TRUE,TRUE,8,FALSE,CDM
3,New Label,0,3605,135,4.619178082,male,90,TRUE,TRUE,8,FALSE,CDM
0,Same,1,3712,136,4.575342466,female,100,TRUE,TRUE,8,FALSE,CDM
1,New Label,1,7382,136,4.575342466,female,100,TRUE,TRUE,8,FALSE,CDM
2,Same,0,3401,136,4.575342466,female,100,TRUE,TRUE,8,FALSE,CDM
3,New Label,0,3857,136,4.575342466,female,100,TRUE,FALSE,8,FALSE,CDM
0,Same,1,5167,137,5.106849315,male,100,TRUE,FALSE,8,FALSE,CDM
1,New Label,1,5108,137,5.106849315,male,100,TRUE,FALSE,8,FALSE,CDM
2,Same,0,3922,137,5.106849315,male,100,TRUE,FALSE,8,FALSE,CDM
3,New Label,0,4737,137,5.106849315,male,100,TRUE,TRUE,8,FALSE,CDM
0,Same,1,6417,138,3.071232877,male,100,TRUE,FALSE,8,FALSE,CDM
1,New Label,1,6852,138,3.071232877,male,100,TRUE,FALSE,8,FALSE,CDM
2,Same,0,4063,138,3.071232877,male,100,TRUE,FALSE,8,FALSE,CDM
3,New Label,0,4394,138,3.071232877,male,100,TRUE,FALSE,8,FALSE,CDM
0,Same,1,7271,139,3.298630137,male,75,TRUE,FALSE,7,FALSE,CDM
1,New Label,1,6566,139,3.298630137,male,75,TRUE,TRUE,7,FALSE,CDM
2,Same,0,8535,139,3.298630137,male,75,TRUE,TRUE,7,FALSE,CDM
3,New Label,0,4056,139,3.298630137,male,75,TRUE,FALSE,7,FALSE,CDM
0,Same,0,8020,140,3.715068493,female,100,TRUE,FALSE,8,FALSE,CDM
1,New Label,1,4161,140,3.715068493,female,100,TRUE,FALSE,8,FALSE,CDM
2,Same,1,8074,140,3.715068493,female,100,TRUE,TRUE,8,FALSE,CDM
3,New Label,0,4426,140,3.715068493,female,100,TRUE,FALSE,8,FALSE,CDM
0,Same,1,7148,141,3.15890411,male,100,TRUE,TRUE,8,FALSE,CDM
1,New Label,0,4302,141,3.15890411,male,100,TRUE,TRUE,8,FALSE,CDM
2,Same,0,6489,141,3.15890411,male,100,TRUE,TRUE,8,FALSE,CDM
3,New Label,1,21019,141,3.15890411,male,100,TRUE,TRUE,8,FALSE,CDM
0,Same,0,3751,142,4.435616438,female,100,TRUE,TRUE,8,FALSE,CDM
1,New Label,1,3955,142,4.435616438,female,100,TRUE,TRUE,8,FALSE,CDM
2,Same,1,3401,142,4.435616438,female,100,TRUE,TRUE,8,FALSE,CDM
3,New Label,0,3595,142,4.435616438,female,100,TRUE,FALSE,8,FALSE,CDM
0,Same,1,5827,143,4.145205479,female,100,TRUE,TRUE,8,FALSE,CDM
1,New Label,0,14496,143,4.145205479,female,100,TRUE,FALSE,8,FALSE,CDM
2,Same,0,3841,143,4.145205479,female,100,TRUE,TRUE,8,FALSE,CDM
3,New Label,1,6602,143,4.145205479,female,100,TRUE,TRUE,8,FALSE,CDM
0,Same,0,4938,144,3.610958904,female,50,TRUE,TRUE,8,FALSE,CDM
1,New Label,1,7872,144,3.610958904,female,50,TRUE,FALSE,8,FALSE,CDM
2,Same,1,4449,144,3.610958904,female,50,TRUE,TRUE,8,FALSE,CDM
3,New Label,0,3881,144,3.610958904,female,50,TRUE,TRUE,8,FALSE,CDM
0,Same,0,3677,145,4.904109589,female,90,TRUE,TRUE,8,FALSE,CDM
1,New Label,0,8449,145,4.904109589,female,90,TRUE,TRUE,8,FALSE,CDM
2,Same,1,4101,145,4.904109589,female,90,TRUE,TRUE,8,FALSE,CDM
3,New Label,1,2608,145,4.904109589,female,90,TRUE,TRUE,8,FALSE,CDM
0,Same,0,4192,146,3.665753425,female,90,TRUE,TRUE,6,FALSE,CDM
1,New Label,0,4377,146,3.665753425,female,90,TRUE,TRUE,6,FALSE,CDM
2,Same,1,3653,146,3.665753425,female,90,TRUE,FALSE,6,FALSE,CDM
3,New Label,1,4134,146,3.665753425,female,90,TRUE,TRUE,6,FALSE,CDM
0,Same,1,19690,147,5.224657534,male,90,TRUE,TRUE,8,FALSE,CDM
1,New Label,1,4084,147,5.224657534,male,90,TRUE,FALSE,8,FALSE,CDM
2,Same,0,4152,147,5.224657534,male,90,TRUE,TRUE,8,FALSE,CDM
3,New Label,0,5368,147,5.224657534,male,90,TRUE,FALSE,8,FALSE,CDM
0,Same,0,5694,148,5.2,male,100,TRUE,TRUE,8,FALSE,CDM
1,New Label,1,4213,148,5.2,male,100,TRUE,TRUE,8,FALSE,CDM
2,Same,1,4114,148,5.2,male,100,TRUE,FALSE,8,FALSE,CDM
3,New Label,0,4353,148,5.2,male,100,TRUE,TRUE,8,FALSE,CDM
0,Same,0,5555,149,3.509589041,male,100,TRUE,FALSE,8,FALSE,CDM
1,New Label,1,9263,149,3.509589041,male,100,TRUE,TRUE,8,FALSE,CDM
2,Same,1,7957,149,3.509589041,male,100,TRUE,TRUE,8,FALSE,CDM
3,New Label,0,4974,149,3.509589041,male,100,TRUE,TRUE,8,FALSE,CDM
0,Same,1,5163,150,4.002739726,male,50,TRUE,FALSE,8,FALSE,CDM
1,New Label,0,5062,150,4.002739726,male,50,TRUE,FALSE,8,FALSE,CDM
2,Same,0,4570,150,4.002739726,male,50,TRUE,TRUE,8,FALSE,CDM
3,New Label,1,4830,150,4.002739726,male,50,TRUE,FALSE,8,FALSE,CDM
0,Same,1,4455,151,4.189041096,male,75,TRUE,TRUE,6,FALSE,CDM
1,New Label,1,6580,151,4.189041096,male,75,TRUE,FALSE,6,FALSE,CDM
2,Same,0,4633,151,4.189041096,male,75,TRUE,TRUE,6,FALSE,CDM
3,New Label,0,5036,151,4.189041096,male,75,TRUE,TRUE,6,FALSE,CDM
0,Same,1,16750,152,4.090410959,male,50,TRUE,TRUE,6,FALSE,CDM
1,New Label,0,8327,152,4.090410959,male,50,TRUE,FALSE,6,FALSE,CDM
2,Same,0,3301,152,4.090410959,male,50,TRUE,TRUE,6,FALSE,CDM
3,New Label,1,4143,152,4.090410959,male,50,TRUE,TRUE,6,FALSE,CDM
0,Same,0,4492,153,5.293150685,male,100,TRUE,TRUE,8,FALSE,CDM
1,New Label,1,4253,153,5.293150685,male,100,TRUE,FALSE,8,FALSE,CDM
2,Same,1,4686,153,5.293150685,male,100,TRUE,TRUE,8,FALSE,CDM
3,New Label,0,6276,153,5.293150685,male,100,TRUE,FALSE,8,FALSE,CDM
0,Same,1,8780,154,5.293150685,male,100,TRUE,TRUE,8,FALSE,CDM
1,New Label,0,4432,154,5.293150685,male,100,TRUE,FALSE,8,FALSE,CDM
2,Same,0,3291,154,5.293150685,male,100,TRUE,TRUE,8,FALSE,CDM
3,New Label,1,5824,154,5.293150685,male,100,TRUE,TRUE,8,FALSE,CDM
0,Same,1,9193,155,5.268493151,male,100,TRUE,FALSE,8,FALSE,CDM
1,New Label,0,7199,155,5.268493151,male,100,TRUE,FALSE,8,FALSE,CDM
2,Same,0,4891,155,5.268493151,male,100,TRUE,TRUE,8,FALSE,CDM
3,New Label,1,4832,155,5.268493151,male,100,TRUE,FALSE,8,FALSE,CDM
0,Same,0,17763,156,4.375342466,male,75,TRUE,TRUE,8,FALSE,CDM
1,New Label,0,10694,156,4.375342466,male,75,TRUE,TRUE,8,FALSE,CDM
2,Same,1,10255,156,4.375342466,male,75,TRUE,TRUE,8,FALSE,CDM
3,New Label,1,4451,156,4.375342466,male,75,TRUE,FALSE,8,FALSE,CDM
0,Same,0,4049,157,5.44109589,female,100,TRUE,TRUE,8,FALSE,CDM
1,New Label,1,7675,157,5.44109589,female,100,TRUE,TRUE,8,FALSE,CDM
2,Same,1,3927,157,5.44109589,female,100,TRUE,TRUE,8,FALSE,CDM
3,New Label,0,4700,157,5.44109589,female,100,TRUE,FALSE,8,FALSE,CDM
0,Same,0,4447,158,3.8,male,100,TRUE,TRUE,7,FALSE,CDM
1,New Label,1,4546,158,3.8,male,100,TRUE,FALSE,7,FALSE,CDM
2,Same,1,7329,158,3.8,male,100,TRUE,TRUE,7,FALSE,CDM
3,New Label,0,4341,158,3.8,male,100,TRUE,TRUE,7,FALSE,CDM
0,Same,1,5640,159,5.161643836,female,100,TRUE,TRUE,8,FALSE,CDM
1,New Label,0,4496,159,5.161643836,female,100,TRUE,TRUE,8,FALSE,CDM
2,Same,0,3673,159,5.161643836,female,100,TRUE,TRUE,8,FALSE,CDM
3,New Label,1,4333,159,5.161643836,female,100,TRUE,TRUE,8,FALSE,CDM
0,Same,0,4383,160,4.449315068,male,90,TRUE,TRUE,8,FALSE,CDM
1,New Label,1,4435,160,4.449315068,male,90,TRUE,FALSE,8,FALSE,CDM
2,Same,1,4134,160,4.449315068,male,90,TRUE,TRUE,8,FALSE,CDM
3,New Label,0,4595,160,4.449315068,male,90,TRUE,TRUE,8,FALSE,CDM
0,Same,0,3272,161,5.473972603,male,100,TRUE,FALSE,7,FALSE,CDM
1,New Label,0,6307,161,5.473972603,male,100,TRUE,TRUE,7,FALSE,CDM
2,Same,1,6553,161,5.473972603,male,100,TRUE,TRUE,7,FALSE,CDM
3,New Label,1,9060,161,5.473972603,male,100,TRUE,FALSE,7,FALSE,CDM
0,Same,1,4379,162,5.252054795,male,90,TRUE,TRUE,7,FALSE,CDM
1,New Label,0,4729,162,5.252054795,male,90,TRUE,TRUE,7,FALSE,CDM
2,Same,0,9383,162,5.252054795,male,90,TRUE,TRUE,7,FALSE,CDM
3,New Label,1,5790,162,5.252054795,male,90,TRUE,TRUE,7,FALSE,CDM
0,Same,1,4426,163,3.526027397,female,90,TRUE,TRUE,7,FALSE,CDM
1,New Label,1,3651,163,3.526027397,female,90,TRUE,FALSE,7,FALSE,CDM
2,Same,0,4125,163,3.526027397,female,90,TRUE,FALSE,7,FALSE,CDM
3,New Label,0,9101,163,3.526027397,female,90,TRUE,FALSE,7,FALSE,CDM
0,Same,0,4398,164,5.435616438,male,75,TRUE,TRUE,8,FALSE,CDM
1,New Label,0,11735,164,5.435616438,male,75,TRUE,TRUE,8,FALSE,CDM
2,Same,1,5634,164,5.435616438,male,75,TRUE,TRUE,8,FALSE,CDM
3,New Label,1,4046,164,5.435616438,male,75,TRUE,TRUE,8,FALSE,CDM
0,Same,0,4572,165,4.04109589,male,75,TRUE,TRUE,8,FALSE,CDM
1,New Label,1,3819,165,4.04109589,male,75,TRUE,FALSE,8,FALSE,CDM
2,Same,1,5420,165,4.04109589,male,75,TRUE,TRUE,8,FALSE,CDM
3,New Label,0,3336,165,4.04109589,male,75,TRUE,TRUE,8,FALSE,CDM
0,Same,1,4057,166,4.95890411,female,NaN,TRUE,TRUE,8,FALSE,CDM
1,New Label,1,4243,166,4.95890411,female,NaN,TRUE,TRUE,8,FALSE,CDM
2,Same,0,4423,166,4.95890411,female,NaN,TRUE,TRUE,8,FALSE,CDM
3,New Label,0,7460,166,4.95890411,female,NaN,TRUE,TRUE,8,FALSE,CDM
0,Same,0,4125,167,3.383561644,male,NaN,TRUE,TRUE,7,FALSE,CDM
1,New Label,0,3763,167,3.383561644,male,NaN,TRUE,TRUE,7,FALSE,CDM
2,Same,1,9254,167,3.383561644,male,NaN,TRUE,TRUE,7,FALSE,CDM
3,New Label,1,4573,167,3.383561644,male,NaN,TRUE,TRUE,7,FALSE,CDM
0,Same,0,5065,168,4.594520548,male,90,TRUE,TRUE,7,FALSE,CDM
1,New Label,1,4584,168,4.594520548,male,90,TRUE,TRUE,7,FALSE,CDM
2,Same,1,4792,168,4.594520548,male,90,TRUE,FALSE,7,FALSE,CDM
3,New Label,0,6034,168,4.594520548,male,90,TRUE,FALSE,7,FALSE,CDM
0,Same,0,3566,169,3.991780822,male,100,TRUE,FALSE,8,FALSE,CDM
1,New Label,0,14274,169,3.991780822,male,100,TRUE,FALSE,8,FALSE,CDM
2,Same,1,3649,169,3.991780822,male,100,TRUE,TRUE,8,FALSE,CDM
3,New Label,1,22064,169,3.991780822,male,100,TRUE,TRUE,8,FALSE,CDM
0,Same,0,3318,170,3.830136986,female,100,TRUE,TRUE,8,FALSE,CDM
1,New Label,1,4046,170,3.830136986,female,100,TRUE,TRUE,8,FALSE,CDM
2,Same,1,3669,170,3.830136986,female,100,TRUE,TRUE,8,FALSE,CDM
3,New Label,0,4038,170,3.830136986,female,100,TRUE,TRUE,8,FALSE,CDM
0,Same,1,8604,171,5.495890411,male,100,TRUE,FALSE,8,FALSE,CDM
1,New Label,1,4091,171,5.495890411,male,100,TRUE,FALSE,8,FALSE,CDM
2,Same,0,3738,171,5.495890411,male,100,TRUE,FALSE,8,FALSE,CDM
3,New Label,0,4383,171,5.495890411,male,100,TRUE,FALSE,8,FALSE,CDM
0,Same,1,5361,172,4.852054795,male,90,TRUE,TRUE,8,FALSE,CDM
1,New Label,0,5877,172,4.852054795,male,90,TRUE,FALSE,8,FALSE,CDM
2,Same,0,3346,172,4.852054795,male,90,TRUE,TRUE,8,FALSE,CDM
3,New Label,1,5433,172,4.852054795,male,90,TRUE,TRUE,8,FALSE,CDM
0,Same,0,4824,173,3.797260274,male,90,TRUE,TRUE,8,FALSE,CDM
1,New Label,0,4970,173,3.797260274,male,90,TRUE,TRUE,8,FALSE,CDM
2,Same,1,3684,173,3.797260274,male,90,TRUE,TRUE,8,FALSE,CDM
3,New Label,1,8200,173,3.797260274,male,90,TRUE,TRUE,8,FALSE,CDM
0,Same,1,7388,174,4.183561644,male,100,TRUE,FALSE,8,FALSE,CDM
1,New Label,0,5191,174,4.183561644,male,100,TRUE,TRUE,8,FALSE,CDM
2,Same,0,4337,174,4.183561644,male,100,TRUE,FALSE,8,FALSE,CDM
3,New Label,1,4278,174,4.183561644,male,100,TRUE,TRUE,8,FALSE,CDM
0,Same,1,6933,175,4.17260274,female,100,TRUE,TRUE,8,FALSE,CDM
1,New Label,1,4441,175,4.17260274,female,100,TRUE,TRUE,8,FALSE,CDM
2,Same,0,3503,175,4.17260274,female,100,TRUE,TRUE,8,FALSE,CDM
3,New Label,0,3979,175,4.17260274,female,100,TRUE,FALSE,8,FALSE,CDM
0,Same,0,4561,176,4.383561644,male,100,TRUE,TRUE,8,FALSE,CDM
1,New Label,0,5510,176,4.383561644,male,100,TRUE,FALSE,8,FALSE,CDM
2,Same,1,4063,176,4.383561644,male,100,TRUE,TRUE,8,FALSE,CDM
3,New Label,1,10783,176,4.383561644,male,100,TRUE,FALSE,8,FALSE,CDM
0,Same,1,3649,177,5.515068493,female,100,TRUE,TRUE,8,FALSE,CDM
1,New Label,1,9094,177,5.515068493,female,100,TRUE,FALSE,8,FALSE,CDM
2,Same,0,3445,177,5.515068493,female,100,TRUE,TRUE,8,FALSE,CDM
3,New Label,0,9679,177,5.515068493,female,100,TRUE,TRUE,8,FALSE,CDM
0,Same,0,3461,178,5.367123288,male,100,TRUE,TRUE,8,FALSE,CDM
1,New Label,0,8395,178,5.367123288,male,100,TRUE,FALSE,8,FALSE,CDM
2,Same,1,3436,178,5.367123288,male,100,TRUE,TRUE,8,FALSE,CDM
3,New Label,1,4789,178,5.367123288,male,100,TRUE,TRUE,8,FALSE,CDM
0,Same,1,8407,179,4.309589041,male,90,TRUE,FALSE,8,FALSE,CDM
1,New Label,0,4428,179,4.309589041,male,90,TRUE,TRUE,8,FALSE,CDM
2,Same,0,7402,179,4.309589041,male,90,TRUE,FALSE,8,FALSE,CDM
3,New Label,1,5426,179,4.309589041,male,90,TRUE,TRUE,8,FALSE,CDM
0,Same,1,9278,180,3.21369863,male,100,TRUE,TRUE,8,FALSE,CDM
1,New Label,0,8592,180,3.21369863,male,100,TRUE,TRUE,8,FALSE,CDM
2,Same,0,4040,180,3.21369863,male,100,TRUE,TRUE,8,FALSE,CDM
3,New Label,1,5957,180,3.21369863,male,100,TRUE,FALSE,8,FALSE,CDM
0,Same,1,10859,181,5.369863014,female,100,TRUE,TRUE,8,FALSE,CDM
1,New Label,1,5310,181,5.369863014,female,100,TRUE,TRUE,8,FALSE,CDM
2,Same,0,4035,181,5.369863014,female,100,TRUE,TRUE,8,FALSE,CDM
3,New Label,0,15855,181,5.369863014,female,100,TRUE,TRUE,8,FALSE,CDM
0,Same,1,4939,182,3.682191781,female,100,TRUE,FALSE,8,FALSE,CDM
1,New Label,1,3466,182,3.682191781,female,100,TRUE,FALSE,8,FALSE,CDM
2,Same,0,7353,182,3.682191781,female,100,TRUE,TRUE,8,FALSE,CDM
3,New Label,0,4296,182,3.682191781,female,100,TRUE,FALSE,8,FALSE,CDM
0,Same,1,7745,183,5.115068493,male,50,TRUE,TRUE,8,FALSE,CDM
1,New Label,0,5468,183,5.115068493,male,50,TRUE,TRUE,8,FALSE,CDM
2,Same,0,3285,183,5.115068493,male,50,TRUE,TRUE,8,FALSE,CDM
3,New Label,1,4858,183,5.115068493,male,50,TRUE,FALSE,8,FALSE,CDM
0,Same,1,4268,184,4.180821918,male,100,TRUE,TRUE,8,FALSE,CDM
1,New Label,0,3675,184,4.180821918,male,100,TRUE,TRUE,8,FALSE,CDM
2,Same,0,3256,184,4.180821918,male,100,TRUE,TRUE,8,FALSE,CDM
3,New Label,1,3563,184,4.180821918,male,100,TRUE,FALSE,8,FALSE,CDM
0,Same,0,5114,185,4.520547945,female,50,TRUE,FALSE,8,FALSE,CDM
1,New Label,0,7214,185,4.520547945,female,50,TRUE,TRUE,8,FALSE,CDM
2,Same,1,9011,185,4.520547945,female,50,TRUE,TRUE,8,FALSE,CDM
3,New Label,1,3303,185,4.520547945,female,50,TRUE,FALSE,8,FALSE,CDM
0,Same,0,6159,186,4.060273973,male,90,TRUE,TRUE,8,FALSE,CDM
1,New Label,0,5487,186,4.060273973,male,90,TRUE,FALSE,8,FALSE,CDM
2,Same,1,3965,186,4.060273973,male,90,TRUE,TRUE,8,FALSE,CDM
3,New Label,1,5960,186,4.060273973,male,90,TRUE,FALSE,8,FALSE,CDM
0,Same,1,4079,187,2.912328767,female,90,TRUE,FALSE,8,FALSE,CDM
1,New Label,0,3994,187,2.912328767,female,90,TRUE,TRUE,8,FALSE,CDM
2,Same,0,4000,187,2.912328767,female,90,TRUE,FALSE,8,FALSE,CDM
3,New Label,1,3802,187,2.912328767,female,90,TRUE,FALSE,8,FALSE,CDM
0,Same,1,8715,188,5.063013699,female,90,TRUE,TRUE,8,FALSE,CDM
1,New Label,1,4933,188,5.063013699,female,90,TRUE,FALSE,8,FALSE,CDM
2,Same,0,5701,188,5.063013699,female,90,TRUE,TRUE,8,FALSE,CDM
3,New Label,0,5535,188,5.063013699,female,90,TRUE,TRUE,8,FALSE,CDM
0,Same,1,3753,189,6.257534247,female,50,TRUE,TRUE,8,FALSE,CDM
1,New Label,1,4335,189,6.257534247,female,50,TRUE,TRUE,8,FALSE,CDM
2,Same,0,5228,189,6.257534247,female,50,TRUE,TRUE,8,FALSE,CDM
3,New Label,0,3609,189,6.257534247,female,50,TRUE,TRUE,8,FALSE,CDM
0,Same,1,3409,190,5.868493151,female,90,TRUE,TRUE,8,FALSE,CDM
1,New Label,1,13670,190,5.868493151,female,90,TRUE,FALSE,8,FALSE,CDM
2,Same,0,4978,190,5.868493151,female,90,TRUE,TRUE,8,FALSE,CDM
3,New Label,0,6705,190,5.868493151,female,90,TRUE,TRUE,8,FALSE,CDM
0,Same,0,4538,191,3.060273973,female,90,TRUE,TRUE,7,FALSE,CDM
1,New Label,0,5064,191,3.060273973,female,90,TRUE,TRUE,7,FALSE,CDM
2,Same,1,4106,191,3.060273973,female,90,TRUE,TRUE,7,FALSE,CDM
3,New Label,1,4201,191,3.060273973,female,90,TRUE,FALSE,7,FALSE,CDM
0,Same,0,2709,192,4.767123288,female,50,TRUE,TRUE,7,FALSE,CDM
1,New Label,0,6576,192,4.767123288,female,50,TRUE,TRUE,7,FALSE,CDM
2,Same,1,2932,192,4.767123288,female,50,TRUE,FALSE,7,FALSE,CDM
3,New Label,1,5551,192,4.767123288,female,50,TRUE,FALSE,7,FALSE,CDM
0,Same,0,8685,193,5.75890411,female,100,TRUE,TRUE,8,FALSE,CDM
1,New Label,1,5448,193,5.75890411,female,100,TRUE,FALSE,8,FALSE,CDM
2,Same,1,3409,193,5.75890411,female,100,TRUE,TRUE,8,FALSE,CDM
3,New Label,0,3695,193,5.75890411,female,100,TRUE,TRUE,8,FALSE,CDM
0,Same,0,5634,194,4.731506849,male,90,TRUE,TRUE,8,FALSE,CDM
1,New Label,0,7297,194,4.731506849,male,90,TRUE,FALSE,8,FALSE,CDM
2,Same,1,7927,194,4.731506849,male,90,TRUE,TRUE,8,FALSE,CDM
3,New Label,1,5658,194,4.731506849,male,90,TRUE,FALSE,8,FALSE,CDM
0,Same,0,4202,195,5.068493151,female,100,TRUE,TRUE,8,FALSE,CDM
1,New Label,0,5667,195,5.068493151,female,100,TRUE,FALSE,8,FALSE,CDM
2,Same,1,3875,195,5.068493151,female,100,TRUE,TRUE,8,FALSE,CDM
3,New Label,1,6121,195,5.068493151,female,100,TRUE,FALSE,8,FALSE,CDM
0,Same,1,8032,196,5.402739726,female,75,TRUE,TRUE,8,FALSE,CDM
1,New Label,0,4509,196,5.402739726,female,75,TRUE,TRUE,8,FALSE,CDM
2,Same,0,4430,196,5.402739726,female,75,TRUE,TRUE,8,FALSE,CDM
3,New Label,1,3417,196,5.402739726,female,75,TRUE,FALSE,8,FALSE,CDM
0,Same,0,4763,197,3.630136986,female,100,TRUE,TRUE,7,FALSE,CDM
1,New Label,0,10602,197,3.630136986,female,100,TRUE,FALSE,7,FALSE,CDM
2,Same,1,4009,197,3.630136986,female,100,TRUE,TRUE,7,FALSE,CDM
3,New Label,1,4519,197,3.630136986,female,100,TRUE,FALSE,7,FALSE,CDM
0,Same,0,5415,198,5.156164384,male,100,TRUE,FALSE,8,FALSE,CDM
1,New Label,0,4870,198,5.156164384,male,100,TRUE,FALSE,8,FALSE,CDM
2,Same,1,9240,198,5.156164384,male,100,TRUE,FALSE,8,FALSE,CDM
3,New Label,1,4209,198,5.156164384,male,100,TRUE,FALSE,8,FALSE,CDM
0,Same,1,11533,199,4.079452055,male,100,TRUE,TRUE,8,FALSE,CDM
1,New Label,0,6675,199,4.079452055,male,100,TRUE,FALSE,8,FALSE,CDM
2,Same,0,13022,199,4.079452055,male,100,TRUE,FALSE,8,FALSE,CDM
3,New Label,1,10157,199,4.079452055,male,100,TRUE,FALSE,8,FALSE,CDM
0,Same,1,7219,200,5.78630137,female,90,TRUE,TRUE,8,FALSE,CDM
1,New Label,1,7818,200,5.78630137,female,90,TRUE,FALSE,8,FALSE,CDM
2,Same,0,3603,200,5.78630137,female,90,TRUE,TRUE,8,FALSE,CDM
3,New Label,0,2618,200,5.78630137,female,90,TRUE,TRUE,8,FALSE,CDM
0,Same,0,8256,201,5.904109589,male,100,TRUE,TRUE,8,FALSE,CDM
1,New Label,1,7838,201,5.904109589,male,100,TRUE,FALSE,8,FALSE,CDM
2,Same,1,5337,201,5.904109589,male,100,TRUE,TRUE,8,FALSE,CDM
3,New Label,0,8453,201,5.904109589,male,100,TRUE,TRUE,8,FALSE,CDM
0,Same,0,4310,202,3.687671233,male,90,TRUE,TRUE,8,FALSE,CDM
1,New Label,0,4274,202,3.687671233,male,90,TRUE,FALSE,8,FALSE,CDM
2,Same,1,4221,202,3.687671233,male,90,TRUE,TRUE,8,FALSE,CDM
3,New Label,1,4466,202,3.687671233,male,90,TRUE,FALSE,8,FALSE,CDM
0,Same,1,6517,203,3.939726027,male,90,TRUE,FALSE,6,FALSE,CDM
1,New Label,0,5110,203,3.939726027,male,90,TRUE,FALSE,6,FALSE,CDM
2,Same,0,5280,203,3.939726027,male,90,TRUE,FALSE,6,FALSE,CDM
3,New Label,1,3319,203,3.939726027,male,90,TRUE,FALSE,6,FALSE,CDM
0,Same,1,7690,204,4.016438356,female,75,TRUE,TRUE,8,FALSE,CDM
1,New Label,1,6632,204,4.016438356,female,75,TRUE,TRUE,8,FALSE,CDM
2,Same,0,4116,204,4.016438356,female,75,TRUE,TRUE,8,FALSE,CDM
3,New Label,0,4113,204,4.016438356,female,75,TRUE,FALSE,8,FALSE,CDM
0,Same,0,4636,205,5.498630137,male,100,TRUE,TRUE,8,FALSE,CDM
1,New Label,0,4668,205,5.498630137,male,100,TRUE,FALSE,8,FALSE,CDM
2,Same,1,2832,205,5.498630137,male,100,TRUE,TRUE,8,FALSE,CDM
3,New Label,1,4699,205,5.498630137,male,100,TRUE,FALSE,8,FALSE,CDM
0,Same,0,7027,206,4.164383562,male,75,TRUE,FALSE,5,FALSE,CDM
1,New Label,0,4007,206,4.164383562,male,75,TRUE,TRUE,5,FALSE,CDM
2,Same,1,3875,206,4.164383562,male,75,TRUE,TRUE,5,FALSE,CDM
3,New Label,1,3738,206,4.164383562,male,75,TRUE,FALSE,5,FALSE,CDM
0,Same,0,4867,207,2.578082192,male,50,TRUE,TRUE,6,FALSE,CDM
1,New Label,1,8342,207,2.578082192,male,50,TRUE,TRUE,6,FALSE,CDM
2,Same,1,5880,207,2.578082192,male,50,TRUE,FALSE,6,FALSE,CDM
3,New Label,0,8930,207,2.578082192,male,50,TRUE,TRUE,6,FALSE,CDM
0,Same,0,7300,208,3.578082192,male,90,TRUE,FALSE,8,FALSE,CDM
1,New Label,1,4557,208,3.578082192,male,90,TRUE,FALSE,8,FALSE,CDM
2,Same,1,4270,208,3.578082192,male,90,TRUE,FALSE,8,FALSE,CDM
3,New Label,0,3113,208,3.578082192,male,90,TRUE,FALSE,8,FALSE,CDM
0,Same,1,5274,209,5.183561644,female,90,TRUE,TRUE,8,FALSE,CDM
1,New Label,1,5865,209,5.183561644,female,90,TRUE,TRUE,8,FALSE,CDM
2,Same,0,4117,209,5.183561644,female,90,TRUE,TRUE,8,FALSE,CDM
3,New Label,0,6857,209,5.183561644,female,90,TRUE,TRUE,8,FALSE,CDM
0,Same,0,3630,210,3.701369863,female,90,TRUE,TRUE,8,FALSE,CDM
1,New Label,0,4628,210,3.701369863,female,90,TRUE,TRUE,8,FALSE,CDM
2,Same,1,3689,210,3.701369863,female,90,TRUE,TRUE,8,FALSE,CDM
3,New Label,1,4018,210,3.701369863,female,90,TRUE,TRUE,8,FALSE,CDM
0,Same,1,7543,211,4.189041096,female,100,TRUE,TRUE,8,FALSE,CDM
1,New Label,1,4533,211,4.189041096,female,100,TRUE,TRUE,8,FALSE,CDM
2,Same,0,4582,211,4.189041096,female,100,TRUE,TRUE,8,FALSE,CDM
3,New Label,0,13775,211,4.189041096,female,100,TRUE,TRUE,8,FALSE,CDM
0,Same,0,3393,212,3.895890411,female,100,TRUE,TRUE,8,FALSE,CDM
1,New Label,0,4495,212,3.895890411,female,100,TRUE,TRUE,8,FALSE,CDM
2,Same,1,3326,212,3.895890411,female,100,TRUE,TRUE,8,FALSE,CDM
3,New Label,1,4159,212,3.895890411,female,100,TRUE,FALSE,8,FALSE,CDM
0,Same,0,3864,213,4.534246575,female,100,TRUE,TRUE,8,FALSE,CDM
1,New Label,0,4179,213,4.534246575,female,100,TRUE,FALSE,8,FALSE,CDM
2,Same,1,3320,213,4.534246575,female,100,TRUE,TRUE,8,FALSE,CDM
3,New Label,1,7155,213,4.534246575,female,100,TRUE,FALSE,8,FALSE,CDM
0,Same,0,5381,214,5.493150685,male,50,TRUE,TRUE,8,FALSE,CDM
1,New Label,0,11000,214,5.493150685,male,50,TRUE,TRUE,8,FALSE,CDM
2,Same,1,3686,214,5.493150685,male,50,TRUE,TRUE,8,FALSE,CDM
3,New Label,1,3480,214,5.493150685,male,50,TRUE,FALSE,8,FALSE,CDM
0,Same,0,3986,215,4.345205479,female,100,TRUE,TRUE,8,FALSE,CDM
1,New Label,0,4251,215,4.345205479,female,100,TRUE,TRUE,8,FALSE,CDM
2,Same,1,4800,215,4.345205479,female,100,TRUE,TRUE,8,FALSE,CDM
3,New Label,1,5625,215,4.345205479,female,100,TRUE,TRUE,8,FALSE,CDM
0,Same,0,3788,216,6.295890411,male,90,TRUE,FALSE,8,FALSE,CDM
1,New Label,0,4956,216,6.295890411,male,90,TRUE,TRUE,8,FALSE,CDM
2,Same,1,2896,216,6.295890411,male,90,TRUE,TRUE,8,FALSE,CDM
3,New Label,1,4282,216,6.295890411,male,90,TRUE,FALSE,8,FALSE,CDM
0,Same,1,4314,217,5.687671233,male,50,TRUE,TRUE,8,FALSE,CDM
1,New Label,0,5213,217,5.687671233,male,50,TRUE,FALSE,8,FALSE,CDM
2,Same,0,5806,217,5.687671233,male,50,TRUE,FALSE,8,FALSE,CDM
3,New Label,1,5950,217,5.687671233,male,50,TRUE,TRUE,8,FALSE,CDM
0,Same,0,3557,218,4.778082192,male,90,TRUE,TRUE,8,FALSE,CDM
1,New Label,0,3876,218,4.778082192,male,90,TRUE,FALSE,8,FALSE,CDM
2,Same,1,3851,218,4.778082192,male,90,TRUE,TRUE,8,FALSE,CDM
3,New Label,1,4384,218,4.778082192,male,90,TRUE,FALSE,8,FALSE,CDM
0,Same,1,18106,219,5.156164384,male,90,TRUE,FALSE,8,FALSE,CDM
1,New Label,0,18502,219,5.156164384,male,90,TRUE,TRUE,8,FALSE,CDM
2,Same,0,4011,219,5.156164384,male,90,TRUE,TRUE,8,FALSE,CDM
3,New Label,1,7626,219,5.156164384,male,90,TRUE,FALSE,8,FALSE,CDM
0,Same,1,3834,220,4.095890411,male,100,TRUE,TRUE,8,FALSE,CDM
1,New Label,0,4621,220,4.095890411,male,100,TRUE,TRUE,8,FALSE,CDM
2,Same,0,3998,220,4.095890411,male,100,TRUE,FALSE,8,FALSE,CDM
3,New Label,1,3733,220,4.095890411,male,100,TRUE,FALSE,8,FALSE,CDM
0,Same,1,3837,221,3.58630137,male,5,TRUE,TRUE,8,FALSE,CDM
1,New Label,1,5686,221,3.58630137,male,5,TRUE,FALSE,8,FALSE,CDM
2,Same,0,4064,221,3.58630137,male,5,TRUE,FALSE,8,FALSE,CDM
3,New Label,0,5422,221,3.58630137,male,5,TRUE,FALSE,8,FALSE,CDM
0,Same,1,4715,222,4.005479452,female,100,TRUE,TRUE,8,FALSE,CDM
1,New Label,1,3942,222,4.005479452,female,100,TRUE,FALSE,8,FALSE,CDM
2,Same,0,4194,222,4.005479452,female,100,TRUE,TRUE,8,FALSE,CDM
3,New Label,0,3665,222,4.005479452,female,100,TRUE,TRUE,8,FALSE,CDM
0,Same,0,6648,223,3.61369863,male,5,TRUE,FALSE,7,FALSE,CDM
1,New Label,0,5557,223,3.61369863,male,5,TRUE,FALSE,7,FALSE,CDM
2,Same,1,3974,223,3.61369863,male,5,TRUE,FALSE,7,FALSE,CDM
3,New Label,1,4866,223,3.61369863,male,5,TRUE,TRUE,7,FALSE,CDM
0,Same,0,10621,224,3.123287671,male,75,TRUE,FALSE,8,FALSE,CDM
1,New Label,1,14890,224,3.123287671,male,75,TRUE,FALSE,8,FALSE,CDM
2,Same,1,3852,224,3.123287671,male,75,TRUE,TRUE,8,FALSE,CDM
3,New Label,0,4100,224,3.123287671,male,75,TRUE,TRUE,8,FALSE,CDM
0,Same,1,4274,225,4.712328767,female,100,TRUE,TRUE,8,FALSE,CDM
1,New Label,1,7184,225,4.712328767,female,100,TRUE,FALSE,8,FALSE,CDM
2,Same,0,6142,225,4.712328767,female,100,TRUE,TRUE,8,FALSE,CDM
3,New Label,0,3754,225,4.712328767,female,100,TRUE,TRUE,8,FALSE,CDM
0,Same,1,5502,226,3.482191781,male,50,TRUE,TRUE,8,FALSE,CDM
1,New Label,1,3519,226,3.482191781,male,50,TRUE,FALSE,8,FALSE,CDM
2,Same,0,3213,226,3.482191781,male,50,TRUE,TRUE,8,FALSE,CDM
3,New Label,0,4280,226,3.482191781,male,50,TRUE,TRUE,8,FALSE,CDM
0,Same,0,4262,227,4.334246575,male,90,TRUE,TRUE,8,FALSE,CDM
1,New Label,1,6625,227,4.334246575,male,90,TRUE,TRUE,8,FALSE,CDM
2,Same,1,4530,227,4.334246575,male,90,TRUE,TRUE,8,FALSE,CDM
3,New Label,0,3596,227,4.334246575,male,90,TRUE,TRUE,8,FALSE,CDM
0,Same,1,7024,228,4.191780822,male,100,TRUE,FALSE,8,FALSE,CDM
1,New Label,1,5211,228,4.191780822,male,100,TRUE,TRUE,8,FALSE,CDM
2,Same,0,4794,228,4.191780822,male,100,TRUE,TRUE,8,FALSE,CDM
3,New Label,0,4278,228,4.191780822,male,100,TRUE,TRUE,8,FALSE,CDM
0,Same,0,10194,229,4.816438356,female,100,TRUE,FALSE,8,FALSE,CDM
1,New Label,0,10135,229,4.816438356,female,100,TRUE,FALSE,8,FALSE,CDM
2,Same,1,9519,229,4.816438356,female,100,TRUE,FALSE,8,FALSE,CDM
3,New Label,1,34961,229,4.816438356,female,100,TRUE,FALSE,8,FALSE,CDM
0,Same,0,3785,230,5.75890411,female,90,TRUE,TRUE,8,FALSE,CDM
1,New Label,1,11435,230,5.75890411,female,90,TRUE,FALSE,8,FALSE,CDM
2,Same,1,3673,230,5.75890411,female,90,TRUE,TRUE,8,FALSE,CDM
3,New Label,0,3550,230,5.75890411,female,90,TRUE,FALSE,8,FALSE,CDM
0,Same,1,9037,231,4.605479452,male,75,TRUE,TRUE,8,FALSE,CDM
1,New Label,0,4549,231,4.605479452,male,75,TRUE,FALSE,8,FALSE,CDM
2,Same,0,3347,231,4.605479452,male,75,TRUE,TRUE,8,FALSE,CDM
3,New Label,1,6263,231,4.605479452,male,75,TRUE,FALSE,8,FALSE,CDM
0,Same,0,5804,232,4.279452055,female,100,TRUE,TRUE,8,FALSE,CDM
1,New Label,1,5516,232,4.279452055,female,100,TRUE,TRUE,8,FALSE,CDM
2,Same,1,5547,232,4.279452055,female,100,TRUE,TRUE,8,FALSE,CDM
3,New Label,0,7659,232,4.279452055,female,100,TRUE,TRUE,8,FALSE,CDM
0,Same,1,5229,233,3.221917808,female,75,TRUE,TRUE,8,FALSE,CDM
1,New Label,1,4024,233,3.221917808,female,75,TRUE,FALSE,8,FALSE,CDM
2,Same,0,3836,233,3.221917808,female,75,TRUE,FALSE,8,FALSE,CDM
3,New Label,0,6132,233,3.221917808,female,75,TRUE,FALSE,8,FALSE,CDM
0,Same,0,12704,234,3.397260274,male,50,TRUE,TRUE,8,FALSE,CDM
1,New Label,1,6214,234,3.397260274,male,50,TRUE,FALSE,8,FALSE,CDM
2,Same,1,4007,234,3.397260274,male,50,TRUE,TRUE,8,FALSE,CDM
3,New Label,0,3588,234,3.397260274,male,50,TRUE,TRUE,8,FALSE,CDM
0,Same,0,7013,235,3.832876712,female,100,TRUE,TRUE,8,FALSE,CDM
1,New Label,0,24431,235,3.832876712,female,100,TRUE,FALSE,8,FALSE,CDM
2,Same,1,3921,235,3.832876712,female,100,TRUE,TRUE,8,FALSE,CDM
3,New Label,1,4868,235,3.832876712,female,100,TRUE,FALSE,8,FALSE,CDM
0,Same,1,5039,236,2.41369863,male,100,TRUE,TRUE,7,FALSE,CDM
1,New Label,0,11636,236,2.41369863,male,100,TRUE,TRUE,7,FALSE,CDM
2,Same,0,2786,236,2.41369863,male,100,TRUE,FALSE,7,FALSE,CDM
3,New Label,1,5735,236,2.41369863,male,100,TRUE,TRUE,7,FALSE,CDM
0,Same,1,3661,237,3.794520548,female,50,TRUE,TRUE,8,FALSE,CDM
1,New Label,1,5480,237,3.794520548,female,50,TRUE,FALSE,8,FALSE,CDM
2,Same,0,3966,237,3.794520548,female,50,TRUE,TRUE,8,FALSE,CDM
3,New Label,0,3764,237,3.794520548,female,50,TRUE,TRUE,8,FALSE,CDM
0,Same,0,3614,238,3.150684932,male,100,TRUE,TRUE,8,FALSE,CDM
1,New Label,1,7680,238,3.150684932,male,100,TRUE,FALSE,8,FALSE,CDM
2,Same,1,3173,238,3.150684932,male,100,TRUE,TRUE,8,FALSE,CDM
3,New Label,0,3434,238,3.150684932,male,100,TRUE,FALSE,8,FALSE,CDM
0,Same,1,4050,239,3.306849315,female,100,TRUE,TRUE,8,FALSE,CDM
1,New Label,0,3633,239,3.306849315,female,100,TRUE,TRUE,8,FALSE,CDM
2,Same,0,4475,239,3.306849315,female,100,TRUE,TRUE,8,FALSE,CDM
3,New Label,1,3931,239,3.306849315,female,100,TRUE,FALSE,8,FALSE,CDM
0,Same,0,15146,240,3.394520548,female,100,TRUE,TRUE,8,FALSE,CDM
1,New Label,1,6176,240,3.394520548,female,100,TRUE,FALSE,8,FALSE,CDM
2,Same,1,4857,240,3.394520548,female,100,TRUE,TRUE,8,FALSE,CDM
3,New Label,0,4735,240,3.394520548,female,100,TRUE,FALSE,8,FALSE,CDM
0,Same,0,3462,241,4.087671233,female,100,TRUE,TRUE,8,FALSE,CDM
1,New Label,1,5994,241,4.087671233,female,100,TRUE,FALSE,8,FALSE,CDM
2,Same,1,4555,241,4.087671233,female,100,TRUE,TRUE,8,FALSE,CDM
3,New Label,0,4229,241,4.087671233,female,100,TRUE,TRUE,8,FALSE,CDM
0,Same,0,2882,242,3.739726027,female,90,TRUE,TRUE,8,FALSE,CDM
1,New Label,1,3646,242,3.739726027,female,90,TRUE,TRUE,8,FALSE,CDM
2,Same,1,3581,242,3.739726027,female,90,TRUE,TRUE,8,FALSE,CDM
3,New Label,0,3153,242,3.739726027,female,90,TRUE,FALSE,8,FALSE,CDM
0,Same,0,3634,243,4.709589041,male,100,TRUE,FALSE,8,FALSE,CDM
1,New Label,0,6820,243,4.709589041,male,100,TRUE,FALSE,8,FALSE,CDM
2,Same,1,3381,243,4.709589041,male,100,TRUE,TRUE,8,FALSE,CDM
3,New Label,1,5104,243,4.709589041,male,100,TRUE,FALSE,8,FALSE,CDM
0,Same,0,3492,244,3.126027397,male,100,TRUE,TRUE,8,FALSE,CDM
1,New Label,1,4312,244,3.126027397,male,100,TRUE,TRUE,8,FALSE,CDM
2,Same,1,3267,244,3.126027397,male,100,TRUE,TRUE,8,FALSE,CDM
3,New Label,0,4003,244,3.126027397,male,100,TRUE,FALSE,8,FALSE,CDM
0,Same,0,5057,245,4.18630137,male,100,TRUE,TRUE,7,FALSE,CDM
1,New Label,0,3702,245,4.18630137,male,100,TRUE,FALSE,7,FALSE,CDM
2,Same,1,3359,245,4.18630137,male,100,TRUE,TRUE,7,FALSE,CDM
3,New Label,1,3762,245,4.18630137,male,100,TRUE,FALSE,7,FALSE,CDM
0,Same,0,4421,246,2.945205479,male,100,TRUE,FALSE,8,FALSE,CDM
1,New Label,1,9720,246,2.945205479,male,100,TRUE,FALSE,8,FALSE,CDM
2,Same,1,8459,246,2.945205479,male,100,TRUE,FALSE,8,FALSE,CDM
3,New Label,0,6888,246,2.945205479,male,100,TRUE,FALSE,8,FALSE,CDM
0,Same,0,3872,247,3.77260274,male,100,TRUE,TRUE,8,FALSE,CDM
1,New Label,1,5347,247,3.77260274,male,100,TRUE,FALSE,8,FALSE,CDM
2,Same,1,4283,247,3.77260274,male,100,TRUE,FALSE,8,FALSE,CDM
3,New Label,0,8447,247,3.77260274,male,100,TRUE,FALSE,8,FALSE,CDM
0,Same,0,5177,248,4.78630137,female,90,TRUE,TRUE,8,FALSE,CDM
1,New Label,0,4933,248,4.78630137,female,90,TRUE,FALSE,8,FALSE,CDM
2,Same,1,3875,248,4.78630137,female,90,TRUE,TRUE,8,FALSE,CDM
3,New Label,1,4344,248,4.78630137,female,90,TRUE,FALSE,8,FALSE,CDM
0,Same,0,3639,249,3.619178082,female,25,TRUE,TRUE,8,FALSE,CDM
1,New Label,1,4917,249,3.619178082,female,25,TRUE,FALSE,8,FALSE,CDM
2,Same,1,2810,249,3.619178082,female,25,TRUE,TRUE,8,FALSE,CDM
3,New Label,0,5010,249,3.619178082,female,25,TRUE,FALSE,8,FALSE,CDM
0,Same,1,8378,250,4.482191781,male,100,TRUE,TRUE,8,FALSE,CDM
1,New Label,1,9428,250,4.482191781,male,100,TRUE,FALSE,8,FALSE,CDM
2,Same,0,9641,250,4.482191781,male,100,TRUE,TRUE,8,FALSE,CDM
3,New Label,0,14058,250,4.482191781,male,100,TRUE,TRUE,8,FALSE,CDM
0,Same,0,4247,251,5.320547945,male,100,TRUE,TRUE,8,FALSE,CDM
1,New Label,1,3988,251,5.320547945,male,100,TRUE,FALSE,8,FALSE,CDM
2,Same,1,2963,251,5.320547945,male,100,TRUE,TRUE,8,FALSE,CDM
3,New Label,0,3842,251,5.320547945,male,100,TRUE,FALSE,8,FALSE,CDM
0,Same,1,4420,252,4.134246575,male,100,TRUE,TRUE,8,FALSE,CDM
1,New Label,0,5454,252,4.134246575,male,100,TRUE,FALSE,8,FALSE,CDM
2,Same,0,7129,252,4.134246575,male,100,TRUE,TRUE,8,FALSE,CDM
3,New Label,1,5064,252,4.134246575,male,100,TRUE,FALSE,8,FALSE,CDM
0,Same,1,3280,253,4.356164384,male,75,TRUE,TRUE,8,FALSE,CDM
1,New Label,0,4049,253,4.356164384,male,75,TRUE,TRUE,8,FALSE,CDM
2,Same,0,9127,253,4.356164384,male,75,TRUE,TRUE,8,FALSE,CDM
3,New Label,1,3658,253,4.356164384,male,75,TRUE,TRUE,8,FALSE,CDM
0,Same,1,6878,254,2.717808219,male,75,TRUE,FALSE,8,FALSE,CDM
1,New Label,1,8190,254,2.717808219,male,75,TRUE,TRUE,8,FALSE,CDM
2,Same,0,5189,254,2.717808219,male,75,TRUE,FALSE,8,FALSE,CDM
3,New Label,0,6740,254,2.717808219,male,75,TRUE,TRUE,8,FALSE,CDM
0,Same,0,2690,255,4.978082192,female,100,TRUE,FALSE,8,FALSE,CDM
1,New Label,1,4300,255,4.978082192,female,100,TRUE,FALSE,8,FALSE,CDM
2,Same,1,8534,255,4.978082192,female,100,TRUE,TRUE,8,FALSE,CDM
3,New Label,0,7277,255,4.978082192,female,100,TRUE,TRUE,8,FALSE,CDM
0,Same,1,8165,256,3.857534247,male,100,TRUE,TRUE,8,FALSE,CDM
1,New Label,0,8365,256,3.857534247,male,100,TRUE,TRUE,8,FALSE,CDM
2,Same,0,3683,256,3.857534247,male,100,TRUE,TRUE,8,FALSE,CDM
3,New Label,1,8244,256,3.857534247,male,100,TRUE,FALSE,8,FALSE,CDM
0,Same,1,78111,257,3.383561644,male,50,TRUE,FALSE,7,FALSE,CDM
1,New Label,1,6741,257,3.383561644,male,50,TRUE,TRUE,7,FALSE,CDM
2,Same,0,8888,257,3.383561644,male,50,TRUE,TRUE,7,FALSE,CDM
3,New Label,0,7850,257,3.383561644,male,50,TRUE,FALSE,7,FALSE,CDM
0,Same,1,4504,258,4.736986301,female,100,TRUE,TRUE,8,FALSE,CDM
1,New Label,0,6998,258,4.736986301,female,100,TRUE,TRUE,8,FALSE,CDM
2,Same,0,3896,258,4.736986301,female,100,TRUE,TRUE,8,FALSE,CDM
3,New Label,1,6010,258,4.736986301,female,100,TRUE,FALSE,8,FALSE,CDM
0,Same,0,4122,259,6.249315068,male,100,TRUE,TRUE,8,FALSE,CDM
1,New Label,0,12091,259,6.249315068,male,100,TRUE,TRUE,8,FALSE,CDM
2,Same,1,3544,259,6.249315068,male,100,TRUE,TRUE,8,FALSE,CDM
3,New Label,1,2703,259,6.249315068,male,100,TRUE,TRUE,8,FALSE,CDM
0,Same,1,3359,260,4.520547945,female,100,TRUE,TRUE,8,FALSE,CDM
1,New Label,1,4385,260,4.520547945,female,100,TRUE,FALSE,8,FALSE,CDM
2,Same,0,3484,260,4.520547945,female,100,TRUE,TRUE,8,FALSE,CDM
3,New Label,0,3822,260,4.520547945,female,100,TRUE,TRUE,8,FALSE,CDM
0,Same,0,4060,261,4.273972603,male,100,TRUE,TRUE,8,FALSE,CDM
1,New Label,0,4104,261,4.273972603,male,100,TRUE,FALSE,8,FALSE,CDM
2,Same,1,3238,261,4.273972603,male,100,TRUE,TRUE,8,FALSE,CDM
3,New Label,1,3764,261,4.273972603,male,100,TRUE,FALSE,8,FALSE,CDM
0,Same,1,21007,262,4.136986301,female,100,TRUE,TRUE,8,FALSE,CDM
1,New Label,1,24571,262,4.136986301,female,100,TRUE,FALSE,8,FALSE,CDM
2,Same,0,4612,262,4.136986301,female,100,TRUE,TRUE,8,FALSE,CDM
3,New Label,0,10915,262,4.136986301,female,100,TRUE,FALSE,8,FALSE,CDM
0,Same,0,5894,263,4.567123288,female,75,TRUE,TRUE,8,FALSE,CDM
1,New Label,1,5763,263,4.567123288,female,75,TRUE,FALSE,8,FALSE,CDM
2,Same,1,4322,263,4.567123288,female,75,TRUE,TRUE,8,FALSE,CDM
3,New Label,0,5658,263,4.567123288,female,75,TRUE,TRUE,8,FALSE,CDM
0,Same,0,8118,264,3.783561644,male,90,TRUE,FALSE,8,FALSE,CDM
1,New Label,0,5158,264,3.783561644,male,90,TRUE,FALSE,8,FALSE,CDM
2,Same,1,4204,264,3.783561644,male,90,TRUE,FALSE,8,FALSE,CDM
3,New Label,1,4652,264,3.783561644,male,90,TRUE,FALSE,8,FALSE,CDM
0,Same,1,3709,265,3.473972603,female,100,TRUE,TRUE,8,FALSE,CDM
1,New Label,0,4059,265,3.473972603,female,100,TRUE,FALSE,8,FALSE,CDM
2,Same,0,7685,265,3.473972603,female,100,TRUE,FALSE,8,FALSE,CDM
3,New Label,1,3973,265,3.473972603,female,100,TRUE,TRUE,8,FALSE,CDM
0,Same,0,4074,266,2.528767123,male,100,TRUE,TRUE,8,FALSE,CDM
1,New Label,1,4529,266,2.528767123,male,100,TRUE,FALSE,8,FALSE,CDM
2,Same,1,3952,266,2.528767123,male,100,TRUE,TRUE,8,FALSE,CDM
3,New Label,0,4010,266,2.528767123,male,100,TRUE,FALSE,8,FALSE,CDM
0,Same,0,7010,267,4.731506849,male,75,TRUE,TRUE,8,FALSE,CDM
1,New Label,1,4021,267,4.731506849,male,75,TRUE,FALSE,8,FALSE,CDM
2,Same,1,3492,267,4.731506849,male,75,TRUE,TRUE,8,FALSE,CDM
3,New Label,0,4633,267,4.731506849,male,75,TRUE,TRUE,8,FALSE,CDM
0,Same,1,4286,268,4.189041096,male,90,TRUE,TRUE,8,FALSE,CDM
1,New Label,1,8934,268,4.189041096,male,90,TRUE,FALSE,8,FALSE,CDM
2,Same,0,3701,268,4.189041096,male,90,TRUE,TRUE,8,FALSE,CDM
3,New Label,0,4183,268,4.189041096,male,90,TRUE,TRUE,8,FALSE,CDM
0,Same,1,6510,269,3.468493151,male,90,TRUE,TRUE,8,FALSE,CDM
1,New Label,0,3742,269,3.468493151,male,90,TRUE,TRUE,8,FALSE,CDM
2,Same,0,5862,269,3.468493151,male,90,TRUE,TRUE,8,FALSE,CDM
3,New Label,1,3930,269,3.468493151,male,90,TRUE,FALSE,8,FALSE,CDM
0,Same,0,4523,270,3.243835616,male,90,TRUE,FALSE,5,FALSE,CDM
1,New Label,1,4468,270,3.243835616,male,90,TRUE,TRUE,5,FALSE,CDM
2,Same,1,3728,270,3.243835616,male,90,TRUE,FALSE,5,FALSE,CDM
3,New Label,0,3882,270,3.243835616,male,90,TRUE,TRUE,5,FALSE,CDM
0,Same,0,5133,271,4.830136986,female,100,TRUE,TRUE,7,FALSE,CDM
1,New Label,0,5794,271,4.830136986,female,100,TRUE,TRUE,7,FALSE,CDM
2,Same,1,3135,271,4.830136986,female,100,TRUE,TRUE,7,FALSE,CDM
3,New Label,1,4258,271,4.830136986,female,100,TRUE,TRUE,7,FALSE,CDM
0,Same,1,3827,272,3.745205479,female,100,TRUE,TRUE,8,FALSE,CDM
1,New Label,1,7131,272,3.745205479,female,100,TRUE,FALSE,8,FALSE,CDM
2,Same,0,3791,272,3.745205479,female,100,TRUE,TRUE,8,FALSE,CDM
3,New Label,0,4203,272,3.745205479,female,100,TRUE,TRUE,8,FALSE,CDM
0,Same,0,3499,273,5.35890411,male,50,TRUE,TRUE,8,FALSE,CDM
1,New Label,1,3856,273,5.35890411,male,50,TRUE,TRUE,8,FALSE,CDM
2,Same,1,3568,273,5.35890411,male,50,TRUE,TRUE,8,FALSE,CDM
3,New Label,0,3336,273,5.35890411,male,50,TRUE,TRUE,8,FALSE,CDM
0,Same,1,3816,274,3.104109589,male,90,TRUE,TRUE,8,FALSE,CDM
1,New Label,0,3429,274,3.104109589,male,90,TRUE,FALSE,8,FALSE,CDM
2,Same,0,3838,274,3.104109589,male,90,TRUE,TRUE,8,FALSE,CDM
3,New Label,1,3559,274,3.104109589,male,90,TRUE,FALSE,8,FALSE,CDM
0,Same,1,3691,275,3.728767123,male,100,TRUE,TRUE,8,FALSE,CDM
1,New Label,0,3987,275,3.728767123,male,100,TRUE,TRUE,8,FALSE,CDM
2,Same,0,4101,275,3.728767123,male,100,TRUE,TRUE,8,FALSE,CDM
3,New Label,1,4438,275,3.728767123,male,100,TRUE,FALSE,8,FALSE,CDM
0,Same,1,3423,276,3.961643836,male,90,TRUE,TRUE,8,FALSE,CDM
1,New Label,1,4589,276,3.961643836,male,90,TRUE,FALSE,8,FALSE,CDM
2,Same,0,3241,276,3.961643836,male,90,TRUE,TRUE,8,FALSE,CDM
3,New Label,0,4057,276,3.961643836,male,90,TRUE,FALSE,8,FALSE,CDM
0,Same,1,4530,277,4.950684932,male,100,TRUE,TRUE,8,FALSE,CDM
1,New Label,0,7770,277,4.950684932,male,100,TRUE,FALSE,8,FALSE,CDM
2,Same,0,5201,277,4.950684932,male,100,TRUE,TRUE,8,FALSE,CDM
3,New Label,1,6000,277,4.950684932,male,100,TRUE,FALSE,8,FALSE,CDM
0,Same,0,3876,278,4.652054795,male,90,TRUE,TRUE,8,FALSE,CDM
1,New Label,1,3572,278,4.652054795,male,90,TRUE,FALSE,8,FALSE,CDM
2,Same,1,3950,278,4.652054795,male,90,TRUE,TRUE,8,FALSE,CDM
3,New Label,0,3595,278,4.652054795,male,90,TRUE,FALSE,8,FALSE,CDM
0,Same,1,9378,279,4.295890411,female,25,TRUE,FALSE,8,FALSE,CDM
1,New Label,0,7741,279,4.295890411,female,25,TRUE,TRUE,8,FALSE,CDM
2,Same,0,4155,279,4.295890411,female,25,TRUE,TRUE,8,FALSE,CDM
3,New Label,1,7648,279,4.295890411,female,25,TRUE,FALSE,8,FALSE,CDM
0,Same,1,4232,280,4.361643836,male,100,TRUE,TRUE,8,FALSE,CDM
1,New Label,0,4189,280,4.361643836,male,100,TRUE,TRUE,8,FALSE,CDM
2,Same,0,3447,280,4.361643836,male,100,TRUE,TRUE,8,FALSE,CDM
3,New Label,1,4962,280,4.361643836,male,100,TRUE,FALSE,8,FALSE,CDM
0,Same,0,4249,281,3.630136986,female,50,TRUE,TRUE,8,FALSE,CDM
1,New Label,0,6813,281,3.630136986,female,50,TRUE,FALSE,8,FALSE,CDM
2,Same,1,3737,281,3.630136986,female,50,TRUE,TRUE,8,FALSE,CDM
3,New Label,1,3803,281,3.630136986,female,50,TRUE,FALSE,8,FALSE,CDM
0,Same,0,2900,282,3.526027397,male,90,TRUE,TRUE,8,FALSE,CDM
1,New Label,0,9681,282,3.526027397,male,90,TRUE,TRUE,8,FALSE,CDM
2,Same,1,7839,282,3.526027397,male,90,TRUE,TRUE,8,FALSE,CDM
3,New Label,1,3939,282,3.526027397,male,90,TRUE,TRUE,8,FALSE,CDM
0,Same,0,3654,283,5.230136986,female,75,TRUE,TRUE,8,FALSE,CDM
1,New Label,1,8164,283,5.230136986,female,75,TRUE,FALSE,8,FALSE,CDM
2,Same,1,3072,283,5.230136986,female,75,TRUE,TRUE,8,FALSE,CDM
3,New Label,0,8156,283,5.230136986,female,75,TRUE,TRUE,8,FALSE,CDM
0,Same,0,4121,284,4.684931507,male,90,TRUE,TRUE,8,FALSE,CDM
1,New Label,0,4486,284,4.684931507,male,90,TRUE,TRUE,8,FALSE,CDM
2,Same,1,3597,284,4.684931507,male,90,TRUE,TRUE,8,FALSE,CDM
3,New Label,1,5087,284,4.684931507,male,90,TRUE,FALSE,8,FALSE,CDM
0,Same,1,3917,285,3.112328767,male,90,TRUE,TRUE,8,FALSE,CDM
1,New Label,1,6100,285,3.112328767,male,90,TRUE,FALSE,8,FALSE,CDM
2,Same,0,4377,285,3.112328767,male,90,TRUE,TRUE,8,FALSE,CDM
3,New Label,0,4658,285,3.112328767,male,90,TRUE,FALSE,8,FALSE,CDM
0,Same,0,3788,286,3.490410959,male,90,TRUE,TRUE,8,FALSE,CDM
1,New Label,0,4185,286,3.490410959,male,90,TRUE,FALSE,8,FALSE,CDM
2,Same,1,42011,286,3.490410959,male,90,TRUE,FALSE,8,FALSE,CDM
3,New Label,1,5873,286,3.490410959,male,90,TRUE,FALSE,8,FALSE,CDM
0,Same,0,4653,287,6.747945205,male,100,TRUE,TRUE,8,FALSE,CDM
1,New Label,1,8004,287,6.747945205,male,100,TRUE,FALSE,8,FALSE,CDM
2,Same,1,4892,287,6.747945205,male,100,TRUE,TRUE,8,FALSE,CDM
3,New Label,0,11674,287,6.747945205,male,100,TRUE,FALSE,8,FALSE,CDM
0,Same,0,6373,288,5.084931507,male,100,TRUE,TRUE,8,FALSE,CDM
1,New Label,0,13543,288,5.084931507,male,100,TRUE,TRUE,8,FALSE,CDM
2,Same,1,5658,288,5.084931507,male,100,TRUE,TRUE,8,FALSE,CDM
3,New Label,1,7978,288,5.084931507,male,100,TRUE,TRUE,8,FALSE,CDM
0,Same,0,9432,289,5.090410959,male,90,TRUE,TRUE,8,FALSE,CDM
1,New Label,0,15578,289,5.090410959,male,90,TRUE,TRUE,8,FALSE,CDM
2,Same,1,7344,289,5.090410959,male,90,TRUE,TRUE,8,FALSE,CDM
3,New Label,1,6021,289,5.090410959,male,90,TRUE,FALSE,8,FALSE,CDM
0,Same,0,5532,290,5.8,female,75,TRUE,TRUE,7,FALSE,CDM
1,New Label,1,3867,290,5.8,female,75,TRUE,FALSE,7,FALSE,CDM
2,Same,1,5215,290,5.8,female,75,TRUE,FALSE,7,FALSE,CDM
3,New Label,0,8980,290,5.8,female,75,TRUE,FALSE,7,FALSE,CDM
0,Same,1,4982,291,3.460273973,male,75,TRUE,TRUE,8,FALSE,CDM
1,New Label,1,9648,291,3.460273973,male,75,TRUE,TRUE,8,FALSE,CDM
2,Same,0,7679,291,3.460273973,male,75,TRUE,TRUE,8,FALSE,CDM
3,New Label,0,5384,291,3.460273973,male,75,TRUE,TRUE,8,FALSE,CDM
