itemNum,trialType,samePos,rt,subj,correct,example_correct,overwrite,age,gender,language,include,setting
0,Same,1,4867,17,TRUE,7,FALSE,4.21,M,NA,TRUE,Bing
1,Switch,1,9943,17,FALSE,7,FALSE,4.21,M,NA,TRUE,Bing
2,Same,0,12629,17,FALSE,7,FALSE,4.21,M,NA,TRUE,Bing
3,Switch,0,3424,17,TRUE,7,FALSE,4.21,M,NA,TRUE,Bing
0,Same,0,4280,18,FALSE,8,FALSE,3.95,M,NA,TRUE,Bing
1,Switch,1,18952,18,FALSE,8,FALSE,3.95,M,NA,TRUE,Bing
2,Same,1,4774,18,TRUE,8,FALSE,3.95,M,NA,TRUE,Bing
3,Switch,0,4095,18,FALSE,8,FALSE,3.95,M,NA,TRUE,Bing
0,Same,1,2830,19,TRUE,8,FALSE,3.62,M,NA,TRUE,Bing
1,Switch,1,8245,19,FALSE,8,FALSE,3.62,M,NA,TRUE,Bing
2,Same,0,6672,19,TRUE,8,FALSE,3.62,M,NA,TRUE,Bing
3,Switch,0,6173,19,TRUE,8,FALSE,3.62,M,NA,TRUE,Bing
0,Same,1,11436,20,TRUE,8,FALSE,5.14,M,NA,TRUE,Bing
1,Switch,0,10427,20,TRUE,8,FALSE,5.14,M,NA,TRUE,Bing
2,Same,0,4901,20,FALSE,8,FALSE,5.14,M,NA,TRUE,Bing
3,Switch,1,6039,20,TRUE,8,FALSE,5.14,M,NA,TRUE,Bing
0,Same,0,6505,21,TRUE,8,FALSE,3.13,F,NA,TRUE,Bing
1,Switch,0,9043,21,FALSE,8,FALSE,3.13,F,NA,TRUE,Bing
2,Same,1,10001,21,TRUE,8,FALSE,3.13,F,NA,TRUE,Bing
3,Switch,1,7723,21,FALSE,8,FALSE,3.13,F,NA,TRUE,Bing
0,Same,1,4460,22,TRUE,8,FALSE,4.6,F,NA,TRUE,Bing
1,Switch,0,5100,22,FALSE,8,FALSE,4.6,F,NA,TRUE,Bing
2,Same,0,3656,22,TRUE,8,FALSE,4.6,F,NA,TRUE,Bing
3,Switch,1,11386,22,FALSE,8,FALSE,4.6,F,NA,TRUE,Bing
0,Same,1,6025,23,TRUE,8,FALSE,5.6,F,NA,TRUE,Bing
1,Switch,0,7774,23,TRUE,8,FALSE,5.6,F,NA,TRUE,Bing
2,Same,0,4503,23,TRUE,8,FALSE,5.6,F,NA,TRUE,Bing
3,Switch,1,4665,23,TRUE,8,FALSE,5.6,F,NA,TRUE,Bing
0,Same,1,4389,24,TRUE,8,FALSE,4.13,M,NA,TRUE,Bing
1,Switch,0,4401,24,TRUE,8,FALSE,4.13,M,NA,TRUE,Bing
2,Same,0,3501,24,TRUE,8,FALSE,4.13,M,NA,TRUE,Bing
3,Switch,1,3879,24,FALSE,8,FALSE,4.13,M,NA,TRUE,Bing
0,Same,1,3455,25,TRUE,8,FALSE,5.47,M,NA,TRUE,Bing
1,Switch,0,3353,25,TRUE,8,FALSE,5.47,M,NA,TRUE,Bing
2,Same,0,3039,25,TRUE,8,FALSE,5.47,M,NA,TRUE,Bing
3,Switch,1,2726,25,TRUE,8,FALSE,5.47,M,NA,TRUE,Bing
0,Same,1,4121,26,TRUE,8,FALSE,5.29,F,NA,TRUE,Bing
1,Switch,0,3341,26,TRUE,8,FALSE,5.29,F,NA,TRUE,Bing
2,Same,0,3385,26,TRUE,8,FALSE,5.29,F,NA,TRUE,Bing
3,Switch,1,3310,26,TRUE,8,FALSE,5.29,F,NA,TRUE,Bing
0,Same,0,5556,27,TRUE,8,FALSE,4.61,M,NA,TRUE,Bing
1,Switch,1,5925,27,TRUE,8,FALSE,4.61,M,NA,TRUE,Bing
2,Same,1,3832,27,TRUE,8,FALSE,4.61,M,NA,TRUE,Bing
3,Switch,0,3249,27,FALSE,8,FALSE,4.61,M,NA,TRUE,Bing
0,Same,0,3404,28,TRUE,8,FALSE,4.97,F,NA,TRUE,Bing
1,Switch,1,3634,28,TRUE,8,FALSE,4.97,F,NA,TRUE,Bing
2,Same,1,2915,28,TRUE,8,FALSE,4.97,F,NA,TRUE,Bing
3,Switch,0,3107,28,TRUE,8,FALSE,4.97,F,NA,TRUE,Bing
0,Same,1,3339,29,TRUE,8,FALSE,5.16,M,NA,TRUE,Bing
1,Switch,0,4223,29,TRUE,8,FALSE,5.16,M,NA,TRUE,Bing
2,Same,0,4183,29,FALSE,8,FALSE,5.16,M,NA,TRUE,Bing
3,Switch,1,4247,29,FALSE,8,FALSE,5.16,M,NA,TRUE,Bing
0,Same,1,3955,30,TRUE,8,FALSE,5.52,F,NA,TRUE,Bing
1,Switch,0,4602,30,TRUE,8,FALSE,5.52,F,NA,TRUE,Bing
2,Same,0,3866,30,TRUE,8,FALSE,5.52,F,NA,TRUE,Bing
3,Switch,1,3673,30,TRUE,8,FALSE,5.52,F,NA,TRUE,Bing
0,Same,1,7518,31,FALSE,8,FALSE,2.97,F,NA,TRUE,Bing
1,Switch,1,7338,31,TRUE,8,FALSE,2.97,F,NA,TRUE,Bing
2,Same,0,4812,31,TRUE,8,FALSE,2.97,F,NA,TRUE,Bing
3,Switch,0,6651,31,FALSE,8,FALSE,2.97,F,NA,TRUE,Bing
0,Same,0,4410,32,TRUE,8,FALSE,4.4,F,NA,TRUE,Bing
1,Switch,0,4970,32,TRUE,8,FALSE,4.4,F,NA,TRUE,Bing
2,Same,1,3515,32,TRUE,8,FALSE,4.4,F,NA,TRUE,Bing
3,Switch,1,4863,32,FALSE,8,FALSE,4.4,F,NA,TRUE,Bing
0,Same,1,3728,33,TRUE,8,FALSE,5.16,F,NA,TRUE,Bing
1,Switch,0,4126,33,TRUE,8,FALSE,5.16,F,NA,TRUE,Bing
2,Same,0,3697,33,TRUE,8,FALSE,5.16,F,NA,TRUE,Bing
3,Switch,1,4130,33,FALSE,8,FALSE,5.16,F,NA,TRUE,Bing
0,Same,0,3457,34,TRUE,8,FALSE,5.23,M,NA,TRUE,Bing
1,Switch,0,3499,34,TRUE,8,FALSE,5.23,M,NA,TRUE,Bing
2,Same,1,3388,34,TRUE,8,FALSE,5.23,M,NA,TRUE,Bing
3,Switch,1,3417,34,TRUE,8,FALSE,5.23,M,NA,TRUE,Bing
0,Same,1,4123,35,TRUE,8,FALSE,5.23,F,NA,TRUE,Bing
1,Switch,1,19976,35,TRUE,8,FALSE,5.23,F,NA,TRUE,Bing
2,Same,0,3633,35,TRUE,8,FALSE,5.23,F,NA,TRUE,Bing
3,Switch,0,4845,35,TRUE,8,FALSE,5.23,F,NA,TRUE,Bing
0,Same,0,4014,36,TRUE,8,FALSE,4.03,F,NA,TRUE,Bing
1,Switch,0,6517,36,FALSE,8,FALSE,4.03,F,NA,TRUE,Bing
2,Same,1,3756,36,FALSE,8,FALSE,4.03,F,NA,TRUE,Bing
3,Switch,1,3736,36,TRUE,8,FALSE,4.03,F,NA,TRUE,Bing
0,Same,1,3311,37,TRUE,8,FALSE,4.46,M,NA,TRUE,Bing
1,Switch,0,3344,37,TRUE,8,FALSE,4.46,M,NA,TRUE,Bing
2,Same,0,3282,37,FALSE,8,FALSE,4.46,M,NA,TRUE,Bing
3,Switch,1,3556,37,TRUE,8,FALSE,4.46,M,NA,TRUE,Bing
0,Same,1,6823,38,FALSE,7,FALSE,5,M,NA,TRUE,Bing
1,Switch,1,5952,38,FALSE,7,FALSE,5,M,NA,TRUE,Bing
2,Same,0,3882,38,TRUE,7,FALSE,5,M,NA,TRUE,Bing
3,Switch,0,4699,38,TRUE,7,FALSE,5,M,NA,TRUE,Bing
0,Same,1,4971,39,TRUE,8,FALSE,4.62,M,NA,TRUE,Bing
1,Switch,1,3248,39,TRUE,8,FALSE,4.62,M,NA,TRUE,Bing
2,Same,0,3346,39,TRUE,8,FALSE,4.62,M,NA,TRUE,Bing
3,Switch,0,3416,39,TRUE,8,FALSE,4.62,M,NA,TRUE,Bing
0,Same,1,3931,40,TRUE,8,FALSE,5.2,M,NA,TRUE,Bing
1,Switch,0,4437,40,FALSE,8,FALSE,5.2,M,NA,TRUE,Bing
2,Same,0,4318,40,TRUE,8,FALSE,5.2,M,NA,TRUE,Bing
3,Switch,1,3147,40,TRUE,8,FALSE,5.2,M,NA,TRUE,Bing
0,Same,1,6539,41,FALSE,8,FALSE,3.31,M,NA,TRUE,Bing
1,Switch,1,10241,41,FALSE,8,FALSE,3.31,M,NA,TRUE,Bing
2,Same,0,7100,41,TRUE,8,FALSE,3.31,M,NA,TRUE,Bing
3,Switch,0,4697,41,TRUE,8,FALSE,3.31,M,NA,TRUE,Bing
0,Same,1,4193,42,TRUE,8,FALSE,4.83,F,NA,TRUE,Bing
1,Switch,1,4175,42,TRUE,8,FALSE,4.83,F,NA,TRUE,Bing
2,Same,0,3387,42,TRUE,8,FALSE,4.83,F,NA,TRUE,Bing
3,Switch,0,4254,42,TRUE,8,FALSE,4.83,F,NA,TRUE,Bing
0,Same,0,4255,43,TRUE,8,FALSE,4.61,F,NA,TRUE,Bing
1,Switch,1,10453,43,TRUE,8,FALSE,4.61,F,NA,TRUE,Bing
2,Same,1,3260,43,TRUE,8,FALSE,4.61,F,NA,TRUE,Bing
3,Switch,0,4136,43,TRUE,8,FALSE,4.61,F,NA,TRUE,Bing
0,Same,1,6169,44,TRUE,8,FALSE,4.24,F,NA,TRUE,Bing
1,Switch,1,8040,44,FALSE,8,FALSE,4.24,F,NA,TRUE,Bing
2,Same,0,4969,44,TRUE,8,FALSE,4.24,F,NA,TRUE,Bing
3,Switch,0,3817,44,TRUE,8,FALSE,4.24,F,NA,TRUE,Bing
0,Same,0,4388,45,TRUE,8,FALSE,3.92,F,NA,TRUE,Bing
1,Switch,1,5403,45,TRUE,8,FALSE,3.92,F,NA,TRUE,Bing
2,Same,1,3643,45,TRUE,8,FALSE,3.92,F,NA,TRUE,Bing
3,Switch,0,11373,45,FALSE,8,FALSE,3.92,F,NA,TRUE,Bing
0,Same,0,6970,46,TRUE,8,FALSE,3.91,F,NA,TRUE,Bing
1,Switch,0,4678,46,TRUE,8,FALSE,3.91,F,NA,TRUE,Bing
2,Same,1,4613,46,TRUE,8,FALSE,3.91,F,NA,TRUE,Bing
3,Switch,1,5337,46,TRUE,8,FALSE,3.91,F,NA,TRUE,Bing
0,Same,0,3240,48,TRUE,8,FALSE,4.62,F,NA,TRUE,Bing
1,Switch,1,3289,48,TRUE,8,FALSE,4.62,F,NA,TRUE,Bing
2,Same,1,3309,48,TRUE,8,FALSE,4.62,F,NA,TRUE,Bing
3,Switch,0,6032,48,TRUE,8,FALSE,4.62,F,NA,TRUE,Bing
0,Same,1,3648,49,TRUE,8,FALSE,4.8,F,NA,TRUE,Bing
1,Switch,1,5172,49,TRUE,8,FALSE,4.8,F,NA,TRUE,Bing
2,Same,0,3519,49,TRUE,8,FALSE,4.8,F,NA,TRUE,Bing
3,Switch,0,4865,49,FALSE,8,FALSE,4.8,F,NA,TRUE,Bing
0,Same,1,4734,50,TRUE,8,FALSE,3.91,M,NA,TRUE,Bing
1,Switch,1,3728,50,FALSE,8,FALSE,3.91,M,NA,TRUE,Bing
2,Same,0,4801,50,TRUE,8,FALSE,3.91,M,NA,TRUE,Bing
3,Switch,0,3771,50,TRUE,8,FALSE,3.91,M,NA,TRUE,Bing
0,Same,1,3882,51,TRUE,7,FALSE,3.25,M,NA,TRUE,Bing
1,Switch,0,3658,51,TRUE,7,FALSE,3.25,M,NA,TRUE,Bing
2,Same,0,5008,51,TRUE,7,FALSE,3.25,M,NA,TRUE,Bing
3,Switch,1,4750,51,FALSE,7,FALSE,3.25,M,NA,TRUE,Bing
0,Same,0,3987,52,TRUE,8,FALSE,5.02,F,NA,TRUE,Bing
1,Switch,1,9125,52,FALSE,8,FALSE,5.02,F,NA,TRUE,Bing
2,Same,1,3682,52,TRUE,8,FALSE,5.02,F,NA,TRUE,Bing
3,Switch,0,3489,52,TRUE,8,FALSE,5.02,F,NA,TRUE,Bing
0,Same,0,4552,53,TRUE,8,FALSE,4.67,F,NA,TRUE,Bing
1,Switch,0,4147,53,TRUE,8,FALSE,4.67,F,NA,TRUE,Bing
2,Same,1,4271,53,TRUE,8,FALSE,4.67,F,NA,TRUE,Bing
3,Switch,1,4036,53,FALSE,8,FALSE,4.67,F,NA,TRUE,Bing
0,Same,1,4313,54,TRUE,8,FALSE,3.92,F,NA,TRUE,Bing
1,Switch,0,11356,54,TRUE,8,FALSE,3.92,F,NA,TRUE,Bing
2,Same,0,3428,54,TRUE,8,FALSE,3.92,F,NA,TRUE,Bing
3,Switch,1,5301,54,FALSE,8,FALSE,3.92,F,NA,TRUE,Bing
0,Same,1,6296,55,TRUE,8,FALSE,3.52,M,NA,TRUE,Bing
1,Switch,0,8900,55,TRUE,8,FALSE,3.52,M,NA,TRUE,Bing
2,Same,0,7075,55,TRUE,8,FALSE,3.52,M,NA,TRUE,Bing
3,Switch,1,8491,55,TRUE,8,FALSE,3.52,M,NA,TRUE,Bing
0,Same,0,3975,56,TRUE,8,FALSE,4.82,F,NA,TRUE,Bing
1,Switch,1,5639,56,FALSE,8,FALSE,4.82,F,NA,TRUE,Bing
2,Same,1,3685,56,TRUE,8,FALSE,4.82,F,NA,TRUE,Bing
3,Switch,0,5598,56,FALSE,8,FALSE,4.82,F,NA,TRUE,Bing
0,Same,1,3910,57,TRUE,8,FALSE,4.51,M,NA,TRUE,Bing
1,Switch,0,3961,57,FALSE,8,FALSE,4.51,M,NA,TRUE,Bing
2,Same,0,6702,57,FALSE,8,FALSE,4.51,M,NA,TRUE,Bing
3,Switch,1,5423,57,FALSE,8,FALSE,4.51,M,NA,TRUE,Bing
0,Same,1,4538,58,TRUE,8,FALSE,3.98,F,NA,TRUE,Bing
1,Switch,1,12236,58,TRUE,8,FALSE,3.98,F,NA,TRUE,Bing
2,Same,0,4377,58,TRUE,8,FALSE,3.98,F,NA,TRUE,Bing
3,Switch,0,6061,58,TRUE,8,FALSE,3.98,F,NA,TRUE,Bing
0,Same,1,4172,59,TRUE,8,FALSE,4.08,M,NA,TRUE,Bing
1,Switch,1,8266,59,TRUE,8,FALSE,4.08,M,NA,TRUE,Bing
2,Same,0,3999,59,FALSE,8,FALSE,4.08,M,NA,TRUE,Bing
3,Switch,0,3732,59,TRUE,8,FALSE,4.08,M,NA,TRUE,Bing
0,Same,0,3292,60,TRUE,8,FALSE,1.69,F,100,TRUE,CDM
1,Switch,0,4080,60,TRUE,8,FALSE,1.69,F,100,TRUE,CDM
2,Same,1,3699,60,FALSE,8,FALSE,1.69,F,100,TRUE,CDM
3,Switch,1,3829,60,FALSE,8,FALSE,1.69,F,100,TRUE,CDM
0,Same,0,4160,61,TRUE,7,FALSE,1.92,F,90,TRUE,CDM
1,Switch,0,6516,61,TRUE,7,FALSE,1.92,F,90,TRUE,CDM
2,Same,1,4240,61,TRUE,7,FALSE,1.92,F,90,TRUE,CDM
3,Switch,1,5410,61,FALSE,7,FALSE,1.92,F,90,TRUE,CDM
0,Same,1,3458,62,TRUE,8,FALSE,5.74,F,75,TRUE,CDM
1,Switch,0,3452,62,TRUE,8,FALSE,5.74,F,75,TRUE,CDM
2,Same,0,3826,62,TRUE,8,FALSE,5.74,F,75,TRUE,CDM
3,Switch,1,3567,62,FALSE,8,FALSE,5.74,F,75,TRUE,CDM
0,Same,0,4184,63,TRUE,8,FALSE,5.01,F,100,TRUE,CDM
1,Switch,0,5684,63,FALSE,8,FALSE,5.01,F,100,TRUE,CDM
2,Same,1,5281,63,TRUE,8,FALSE,5.01,F,100,TRUE,CDM
3,Switch,1,3505,63,TRUE,8,FALSE,5.01,F,100,TRUE,CDM
0,Same,0,3445,64,TRUE,8,FALSE,5.17,F,100,TRUE,CDM
1,Switch,0,5004,64,TRUE,8,FALSE,5.17,F,100,TRUE,CDM
2,Same,1,3755,64,TRUE,8,FALSE,5.17,F,100,TRUE,CDM
3,Switch,1,5226,64,FALSE,8,FALSE,5.17,F,100,TRUE,CDM
0,Same,0,4700,65,TRUE,8,FALSE,4.99,F,75,TRUE,CDM
1,Switch,0,4594,65,FALSE,8,FALSE,4.99,F,75,TRUE,CDM
2,Same,1,3611,65,TRUE,8,FALSE,4.99,F,75,TRUE,CDM
3,Switch,1,3923,65,FALSE,8,FALSE,4.99,F,75,TRUE,CDM
0,Same,1,3957,66,TRUE,8,FALSE,3.04,F,90,TRUE,CDM
1,Switch,1,3998,66,FALSE,8,FALSE,3.04,F,90,TRUE,CDM
2,Same,0,4283,66,TRUE,8,FALSE,3.04,F,90,TRUE,CDM
3,Switch,0,4242,66,TRUE,8,FALSE,3.04,F,90,TRUE,CDM
0,Same,1,3154,67,TRUE,8,FALSE,3.51,M,100,TRUE,CDM
1,Switch,1,6830,67,TRUE,8,FALSE,3.51,M,100,TRUE,CDM
2,Same,0,3857,67,TRUE,8,FALSE,3.51,M,100,TRUE,CDM
3,Switch,0,8318,67,TRUE,8,FALSE,3.51,M,100,TRUE,CDM
0,Same,1,3858,68,TRUE,8,FALSE,6.81,F,50,TRUE,CDM
1,Switch,0,4796,68,FALSE,8,FALSE,6.81,F,50,TRUE,CDM
2,Same,0,3879,68,TRUE,8,FALSE,6.81,F,50,TRUE,CDM
3,Switch,1,4058,68,TRUE,8,FALSE,6.81,F,50,TRUE,CDM
0,Same,0,3719,69,TRUE,8,FALSE,4.36,F,25,TRUE,CDM
1,Switch,0,4646,69,TRUE,8,FALSE,4.36,F,25,TRUE,CDM
2,Same,1,4130,69,TRUE,8,FALSE,4.36,F,25,TRUE,CDM
3,Switch,1,7787,69,FALSE,8,FALSE,4.36,F,25,TRUE,CDM
0,Same,1,4372,70,TRUE,8,FALSE,3.22,F,75,TRUE,CDM
1,Switch,0,7968,70,TRUE,8,FALSE,3.22,F,75,TRUE,CDM
2,Same,0,24438,70,FALSE,8,FALSE,3.22,F,75,TRUE,CDM
3,Switch,1,8028,70,FALSE,8,FALSE,3.22,F,75,TRUE,CDM
0,Same,1,27238,72,TRUE,6,FALSE,1.72,F,75,TRUE,CDM
1,Switch,1,21313,72,TRUE,6,FALSE,1.72,F,75,TRUE,CDM
2,Same,0,3781,72,TRUE,6,FALSE,1.72,F,75,TRUE,CDM
3,Switch,0,12946,72,TRUE,6,FALSE,1.72,F,75,TRUE,CDM
0,Same,1,3528,73,TRUE,8,FALSE,4.43,F,100,TRUE,CDM
1,Switch,1,4675,73,FALSE,8,FALSE,4.43,F,100,TRUE,CDM
2,Same,0,3649,73,TRUE,8,FALSE,4.43,F,100,TRUE,CDM
3,Switch,0,4692,73,FALSE,8,FALSE,4.43,F,100,TRUE,CDM
0,Same,1,3773,74,TRUE,8,FALSE,5.54,M,75,TRUE,CDM
1,Switch,0,5032,74,FALSE,8,FALSE,5.54,M,75,TRUE,CDM
2,Same,0,3185,74,TRUE,8,FALSE,5.54,M,75,TRUE,CDM
3,Switch,1,4122,74,FALSE,8,FALSE,5.54,M,75,TRUE,CDM
0,Same,0,4725,75,TRUE,8,FALSE,4.29,F,100,TRUE,CDM
1,Switch,0,5318,75,FALSE,8,FALSE,4.29,F,100,TRUE,CDM
2,Same,1,3629,75,FALSE,8,FALSE,4.29,F,100,TRUE,CDM
3,Switch,1,4116,75,TRUE,8,FALSE,4.29,F,100,TRUE,CDM
0,Same,1,4277,76,TRUE,7,FALSE,4.93,F,100,TRUE,CDM
1,Switch,1,2543,76,FALSE,7,FALSE,4.93,F,100,TRUE,CDM
2,Same,0,4008,76,TRUE,7,FALSE,4.93,F,100,TRUE,CDM
3,Switch,0,4090,76,FALSE,7,FALSE,4.93,F,100,TRUE,CDM
0,Same,0,3542,77,TRUE,8,FALSE,3.73,F,100,TRUE,CDM
1,Switch,1,3800,77,FALSE,8,FALSE,3.73,F,100,TRUE,CDM
2,Same,1,3498,77,TRUE,8,FALSE,3.73,F,100,TRUE,CDM
3,Switch,0,4798,77,FALSE,8,FALSE,3.73,F,100,TRUE,CDM
0,Same,0,4092,78,TRUE,8,FALSE,3.81,F,90,TRUE,CDM
1,Switch,1,3527,78,FALSE,8,FALSE,3.81,F,90,TRUE,CDM
2,Same,1,2553,78,TRUE,8,FALSE,3.81,F,90,TRUE,CDM
3,Switch,0,3662,78,FALSE,8,FALSE,3.81,F,90,TRUE,CDM
0,Same,1,3643,79,TRUE,8,FALSE,3.53,M,100,TRUE,CDM
1,Switch,0,5055,79,TRUE,8,FALSE,3.53,M,100,TRUE,CDM
2,Same,0,3361,79,TRUE,8,FALSE,3.53,M,100,TRUE,CDM
3,Switch,1,4010,79,FALSE,8,FALSE,3.53,M,100,TRUE,CDM
0,Same,0,4719,80,TRUE,8,FALSE,3.5,M,90,TRUE,CDM
1,Switch,1,5421,80,FALSE,8,FALSE,3.5,M,90,TRUE,CDM
2,Same,1,4011,80,TRUE,8,FALSE,3.5,M,90,TRUE,CDM
3,Switch,0,4805,80,TRUE,8,FALSE,3.5,M,90,TRUE,CDM
0,Same,1,3845,81,TRUE,8,FALSE,3.07,F,75,TRUE,CDM
1,Switch,1,4726,81,FALSE,8,FALSE,3.07,F,75,TRUE,CDM
2,Same,0,3873,81,TRUE,8,FALSE,3.07,F,75,TRUE,CDM
3,Switch,0,4950,81,FALSE,8,FALSE,3.07,F,75,TRUE,CDM
0,Same,1,7992,83,TRUE,8,FALSE,3.45,F,100,TRUE,CDM
1,Switch,0,4561,83,TRUE,8,FALSE,3.45,F,100,TRUE,CDM
2,Same,0,4465,83,TRUE,8,FALSE,3.45,F,100,TRUE,CDM
3,Switch,1,4815,83,FALSE,8,FALSE,3.45,F,100,TRUE,CDM
0,Same,1,3802,84,TRUE,8,FALSE,4.66,F,50,TRUE,CDM
1,Switch,0,20161,84,TRUE,8,FALSE,4.66,F,50,TRUE,CDM
2,Same,0,3857,84,TRUE,8,FALSE,4.66,F,50,TRUE,CDM
3,Switch,1,10800,84,TRUE,8,FALSE,4.66,F,50,TRUE,CDM
0,Same,1,10018,86,TRUE,8,FALSE,3.11,F,100,TRUE,CDM
1,Switch,0,4865,86,FALSE,8,FALSE,3.11,F,100,TRUE,CDM
2,Same,0,4521,86,TRUE,8,FALSE,3.11,F,100,TRUE,CDM
3,Switch,1,5451,86,TRUE,8,FALSE,3.11,F,100,TRUE,CDM
0,Same,1,4520,87,FALSE,7,FALSE,2.83,M,90,TRUE,CDM
1,Switch,1,5016,87,FALSE,7,FALSE,2.83,M,90,TRUE,CDM
2,Same,0,3867,87,FALSE,7,FALSE,2.83,M,90,TRUE,CDM
3,Switch,0,9119,87,FALSE,7,FALSE,2.83,M,90,TRUE,CDM
0,Same,0,13020,88,FALSE,8,FALSE,3.99,M,100,TRUE,CDM
1,Switch,0,7676,88,FALSE,8,FALSE,3.99,M,100,TRUE,CDM
2,Same,1,5721,88,FALSE,8,FALSE,3.99,M,100,TRUE,CDM
3,Switch,1,11405,88,FALSE,8,FALSE,3.99,M,100,TRUE,CDM
0,Same,1,6141,89,FALSE,8,FALSE,3.09,M,100,TRUE,CDM
1,Switch,0,5983,89,FALSE,8,FALSE,3.09,M,100,TRUE,CDM
2,Same,0,6021,89,TRUE,8,FALSE,3.09,M,100,TRUE,CDM
3,Switch,1,3862,89,FALSE,8,FALSE,3.09,M,100,TRUE,CDM
0,Same,0,7104,90,TRUE,8,FALSE,2.58,F,100,TRUE,CDM
1,Switch,0,5148,90,TRUE,8,FALSE,2.58,F,100,TRUE,CDM
2,Same,1,4782,90,TRUE,8,FALSE,2.58,F,100,TRUE,CDM
3,Switch,1,11752,90,FALSE,8,FALSE,2.58,F,100,TRUE,CDM
0,Same,1,3989,91,TRUE,8,FALSE,4.69,F,100,TRUE,CDM
1,Switch,0,3993,91,TRUE,8,FALSE,4.69,F,100,TRUE,CDM
2,Same,0,7483,91,TRUE,8,FALSE,4.69,F,100,TRUE,CDM
3,Switch,1,7217,91,TRUE,8,FALSE,4.69,F,100,TRUE,CDM
0,Same,0,3804,92,TRUE,8,FALSE,3.84,F,90,TRUE,CDM
1,Switch,1,3542,92,TRUE,8,FALSE,3.84,F,90,TRUE,CDM
2,Same,1,3519,92,TRUE,8,FALSE,3.84,F,90,TRUE,CDM
3,Switch,0,4274,92,TRUE,8,FALSE,3.84,F,90,TRUE,CDM
0,Same,1,3646,93,FALSE,8,FALSE,3.77,M,100,TRUE,CDM
1,Switch,1,3791,93,FALSE,8,FALSE,3.77,M,100,TRUE,CDM
2,Same,0,4230,93,TRUE,8,FALSE,3.77,M,100,TRUE,CDM
3,Switch,0,3968,93,TRUE,8,FALSE,3.77,M,100,TRUE,CDM
0,Same,1,12673,94,FALSE,8,FALSE,5.4,M,100,TRUE,CDM
1,Switch,0,5538,94,TRUE,8,FALSE,5.4,M,100,TRUE,CDM
2,Same,0,5836,94,TRUE,8,FALSE,5.4,M,100,TRUE,CDM
3,Switch,1,4445,94,FALSE,8,FALSE,5.4,M,100,TRUE,CDM
0,Same,0,3879,95,TRUE,8,FALSE,3.17,M,100,TRUE,CDM
1,Switch,1,5072,95,TRUE,8,FALSE,3.17,M,100,TRUE,CDM
2,Same,1,3283,95,TRUE,8,FALSE,3.17,M,100,TRUE,CDM
3,Switch,0,3845,95,TRUE,8,FALSE,3.17,M,100,TRUE,CDM
0,Same,1,4857,96,FALSE,8,FALSE,4.8,F,100,TRUE,CDM
1,Switch,0,4036,96,FALSE,8,FALSE,4.8,F,100,TRUE,CDM
2,Same,0,4013,96,TRUE,8,FALSE,4.8,F,100,TRUE,CDM
3,Switch,1,4879,96,TRUE,8,FALSE,4.8,F,100,TRUE,CDM
0,Same,1,14975,97,TRUE,8,FALSE,4.66,F,90,TRUE,CDM
1,Switch,1,5720,97,FALSE,8,FALSE,4.66,F,90,TRUE,CDM
2,Same,0,12170,97,FALSE,8,FALSE,4.66,F,90,TRUE,CDM
3,Switch,0,6787,97,FALSE,8,FALSE,4.66,F,90,TRUE,CDM
0,Same,0,7215,98,TRUE,8,FALSE,4.02,M,90,TRUE,CDM
1,Switch,1,6970,98,FALSE,8,FALSE,4.02,M,90,TRUE,CDM
2,Same,1,3469,98,TRUE,8,FALSE,4.02,M,90,TRUE,CDM
3,Switch,0,4423,98,FALSE,8,FALSE,4.02,M,90,TRUE,CDM
0,Same,1,21940,99,FALSE,7,FALSE,4.27,M,100,TRUE,CDM
1,Switch,0,9362,99,FALSE,7,FALSE,4.27,M,100,TRUE,CDM
2,Same,0,15198,99,FALSE,7,FALSE,4.27,M,100,TRUE,CDM
3,Switch,1,11021,99,FALSE,7,FALSE,4.27,M,100,TRUE,CDM
0,Same,1,2758,100,TRUE,8,FALSE,3.78,F,100,TRUE,CDM
1,Switch,1,5529,100,FALSE,8,FALSE,3.78,F,100,TRUE,CDM
2,Same,0,7847,100,TRUE,8,FALSE,3.78,F,100,TRUE,CDM
3,Switch,0,11260,100,TRUE,8,FALSE,3.78,F,100,TRUE,CDM
0,Same,0,3902,101,TRUE,7,FALSE,3.14,M,100,TRUE,CDM
1,Switch,0,4638,101,FALSE,7,FALSE,3.14,M,100,TRUE,CDM
2,Same,1,2755,101,FALSE,7,FALSE,3.14,M,100,TRUE,CDM
3,Switch,1,4844,101,FALSE,7,FALSE,3.14,M,100,TRUE,CDM
0,Same,1,8859,102,FALSE,8,FALSE,5.02,M,100,TRUE,CDM
1,Switch,0,4351,102,TRUE,8,FALSE,5.02,M,100,TRUE,CDM
2,Same,0,3591,102,TRUE,8,FALSE,5.02,M,100,TRUE,CDM
3,Switch,1,3778,102,TRUE,8,FALSE,5.02,M,100,TRUE,CDM
0,Same,0,5428,103,TRUE,8,FALSE,4.55,F,5,TRUE,CDM
1,Switch,0,6421,103,FALSE,8,FALSE,4.55,F,5,TRUE,CDM
2,Same,1,3336,103,TRUE,8,FALSE,4.55,F,5,TRUE,CDM
3,Switch,1,5828,103,TRUE,8,FALSE,4.55,F,5,TRUE,CDM
0,Same,0,3469,104,TRUE,8,FALSE,5.54,M,100,TRUE,CDM
1,Switch,0,7191,104,TRUE,8,FALSE,5.54,M,100,TRUE,CDM
2,Same,1,3477,104,TRUE,8,FALSE,5.54,M,100,TRUE,CDM
3,Switch,1,4400,104,FALSE,8,FALSE,5.54,M,100,TRUE,CDM
0,Same,0,3382,105,FALSE,8,FALSE,5.13,M,90,TRUE,CDM
1,Switch,1,6422,105,FALSE,8,FALSE,5.13,M,90,TRUE,CDM
2,Same,1,3744,105,TRUE,8,FALSE,5.13,M,90,TRUE,CDM
3,Switch,0,7375,105,TRUE,8,FALSE,5.13,M,90,TRUE,CDM
0,Same,1,6474,106,TRUE,8,FALSE,4.63,M,100,TRUE,CDM
1,Switch,0,6699,106,FALSE,8,FALSE,4.63,M,100,TRUE,CDM
2,Same,0,3538,106,TRUE,8,FALSE,4.63,M,100,TRUE,CDM
3,Switch,1,4677,106,TRUE,8,FALSE,4.63,M,100,TRUE,CDM
0,Same,0,4006,107,TRUE,8,FALSE,2.9,M,100,TRUE,CDM
1,Switch,1,5437,107,FALSE,8,FALSE,2.9,M,100,TRUE,CDM
2,Same,1,3793,107,FALSE,8,FALSE,2.9,M,100,TRUE,CDM
3,Switch,0,8685,107,FALSE,8,FALSE,2.9,M,100,TRUE,CDM
0,Same,1,4412,108,TRUE,8,FALSE,3.52,F,100,TRUE,CDM
1,Switch,1,4357,108,FALSE,8,FALSE,3.52,F,100,TRUE,CDM
2,Same,0,7220,108,FALSE,8,FALSE,3.52,F,100,TRUE,CDM
3,Switch,0,4965,108,FALSE,8,FALSE,3.52,F,100,TRUE,CDM
0,Same,0,4876,109,TRUE,8,FALSE,4.33,M,90,TRUE,CDM
1,Switch,1,6671,109,FALSE,8,FALSE,4.33,M,90,TRUE,CDM
2,Same,1,3869,109,TRUE,8,FALSE,4.33,M,90,TRUE,CDM
3,Switch,0,3784,109,TRUE,8,FALSE,4.33,M,90,TRUE,CDM
0,Same,0,4825,110,FALSE,8,FALSE,2.27,F,90,TRUE,CDM
1,Switch,1,6413,110,FALSE,8,FALSE,2.27,F,90,TRUE,CDM
2,Same,1,3597,110,TRUE,8,FALSE,2.27,F,90,TRUE,CDM
3,Switch,0,9082,110,TRUE,8,FALSE,2.27,F,90,TRUE,CDM
0,Same,1,9234,111,TRUE,8,FALSE,4.72,M,100,TRUE,CDM
1,Switch,0,3538,111,TRUE,8,FALSE,4.72,M,100,TRUE,CDM
2,Same,0,4876,111,TRUE,8,FALSE,4.72,M,100,TRUE,CDM
3,Switch,1,2879,111,TRUE,8,FALSE,4.72,M,100,TRUE,CDM
0,Same,1,7890,112,TRUE,8,FALSE,4.97,M,90,TRUE,CDM
1,Switch,0,5433,112,TRUE,8,FALSE,4.97,M,90,TRUE,CDM
2,Same,0,10647,112,TRUE,8,FALSE,4.97,M,90,TRUE,CDM
3,Switch,1,6330,112,TRUE,8,FALSE,4.97,M,90,TRUE,CDM
0,Same,0,4798,113,TRUE,8,FALSE,5,M,100,TRUE,CDM
1,Switch,1,4787,113,FALSE,8,FALSE,5,M,100,TRUE,CDM
2,Same,1,4533,113,TRUE,8,FALSE,5,M,100,TRUE,CDM
3,Switch,0,3318,113,TRUE,8,FALSE,5,M,100,TRUE,CDM
0,Same,1,3818,114,FALSE,6,FALSE,4.48,F,50,TRUE,CDM
1,Switch,0,5070,114,TRUE,6,FALSE,4.48,F,50,TRUE,CDM
2,Same,0,2982,114,FALSE,6,FALSE,4.48,F,50,TRUE,CDM
3,Switch,1,5779,114,FALSE,6,FALSE,4.48,F,50,TRUE,CDM
0,Same,1,5649,115,TRUE,8,FALSE,4.33,F,90,TRUE,CDM
1,Switch,1,5319,115,TRUE,8,FALSE,4.33,F,90,TRUE,CDM
2,Same,0,3478,115,TRUE,8,FALSE,4.33,F,90,TRUE,CDM
3,Switch,0,4389,115,TRUE,8,FALSE,4.33,F,90,TRUE,CDM
0,Same,0,5373,116,TRUE,8,FALSE,5.65,M,100,TRUE,CDM
1,Switch,0,4967,116,TRUE,8,FALSE,5.65,M,100,TRUE,CDM
2,Same,1,8530,116,TRUE,8,FALSE,5.65,M,100,TRUE,CDM
3,Switch,1,4409,116,TRUE,8,FALSE,5.65,M,100,TRUE,CDM
0,Same,1,4880,117,TRUE,8,FALSE,4.36,M,100,TRUE,CDM
1,Switch,1,5137,117,FALSE,8,FALSE,4.36,M,100,TRUE,CDM
2,Same,0,3691,117,TRUE,8,FALSE,4.36,M,100,TRUE,CDM
3,Switch,0,5940,117,FALSE,8,FALSE,4.36,M,100,TRUE,CDM
0,Same,0,3623,118,TRUE,8,FALSE,3.14,M,75,TRUE,CDM
1,Switch,0,4247,118,FALSE,8,FALSE,3.14,M,75,TRUE,CDM
2,Same,1,3843,118,TRUE,8,FALSE,3.14,M,75,TRUE,CDM
3,Switch,1,5256,118,FALSE,8,FALSE,3.14,M,75,TRUE,CDM
0,Same,0,3582,119,FALSE,8,FALSE,3.92,F,100,TRUE,CDM
1,Switch,0,4550,119,FALSE,8,FALSE,3.92,F,100,TRUE,CDM
2,Same,1,3253,119,TRUE,8,FALSE,3.92,F,100,TRUE,CDM
3,Switch,1,6504,119,FALSE,8,FALSE,3.92,F,100,TRUE,CDM
0,Same,1,5557,120,TRUE,8,FALSE,3.24,M,50,TRUE,CDM
1,Switch,0,7481,120,TRUE,8,FALSE,3.24,M,50,TRUE,CDM
2,Same,0,4596,120,FALSE,8,FALSE,3.24,M,50,TRUE,CDM
3,Switch,1,2606,120,FALSE,8,FALSE,3.24,M,50,TRUE,CDM
0,Same,0,4238,121,TRUE,8,FALSE,4.91,F,90,TRUE,CDM
1,Switch,0,5902,121,TRUE,8,FALSE,4.91,F,90,TRUE,CDM
2,Same,1,3274,121,TRUE,8,FALSE,4.91,F,90,TRUE,CDM
3,Switch,1,4464,121,FALSE,8,FALSE,4.91,F,90,TRUE,CDM
0,Same,1,3694,122,TRUE,8,FALSE,4.52,F,75,TRUE,CDM
1,Switch,1,5339,122,TRUE,8,FALSE,4.52,F,75,TRUE,CDM
2,Same,0,3218,122,TRUE,8,FALSE,4.52,F,75,TRUE,CDM
3,Switch,0,3543,122,FALSE,8,FALSE,4.52,F,75,TRUE,CDM
0,Same,0,3795,123,TRUE,8,FALSE,5.27,M,25,TRUE,CDM
1,Switch,0,4100,123,TRUE,8,FALSE,5.27,M,25,TRUE,CDM
2,Same,1,3941,123,TRUE,8,FALSE,5.27,M,25,TRUE,CDM
3,Switch,1,3711,123,TRUE,8,FALSE,5.27,M,25,TRUE,CDM
0,Same,1,3971,124,TRUE,8,FALSE,5.13,M,100,TRUE,CDM
1,Switch,0,3338,124,TRUE,8,FALSE,5.13,M,100,TRUE,CDM
2,Same,0,5273,124,TRUE,8,FALSE,5.13,M,100,TRUE,CDM
3,Switch,1,3875,124,FALSE,8,FALSE,5.13,M,100,TRUE,CDM
0,Same,1,4242,125,TRUE,8,FALSE,4.22,M,90,TRUE,CDM
1,Switch,1,4149,125,FALSE,8,FALSE,4.22,M,90,TRUE,CDM
2,Same,0,4826,125,TRUE,8,FALSE,4.22,M,90,TRUE,CDM
3,Switch,0,3889,125,TRUE,8,FALSE,4.22,M,90,TRUE,CDM
0,Same,0,4102,126,TRUE,8,FALSE,4.46,F,100,TRUE,CDM
1,Switch,1,5041,126,TRUE,8,FALSE,4.46,F,100,TRUE,CDM
2,Same,1,3974,126,TRUE,8,FALSE,4.46,F,100,TRUE,CDM
3,Switch,0,4780,126,TRUE,8,FALSE,4.46,F,100,TRUE,CDM
0,Same,1,4136,127,FALSE,8,FALSE,4.48,F,50,TRUE,CDM
1,Switch,1,3662,127,TRUE,8,FALSE,4.48,F,50,TRUE,CDM
2,Same,0,3423,127,FALSE,8,FALSE,4.48,F,50,TRUE,CDM
3,Switch,0,4197,127,TRUE,8,FALSE,4.48,F,50,TRUE,CDM
0,Same,0,4156,128,TRUE,8,FALSE,2.11,M,100,TRUE,CDM
1,Switch,1,3315,128,TRUE,8,FALSE,2.11,M,100,TRUE,CDM
2,Same,1,3094,128,TRUE,8,FALSE,2.11,M,100,TRUE,CDM
3,Switch,0,9775,128,TRUE,8,FALSE,2.11,M,100,TRUE,CDM
0,Same,0,4270,129,TRUE,8,FALSE,4.74,M,100,TRUE,CDM
1,Switch,0,4018,129,TRUE,8,FALSE,4.74,M,100,TRUE,CDM
2,Same,1,4150,129,TRUE,8,FALSE,4.74,M,100,TRUE,CDM
3,Switch,1,3220,129,TRUE,8,FALSE,4.74,M,100,TRUE,CDM
0,Same,0,3426,130,TRUE,8,FALSE,6.27,M,100,FALSE,CDM
1,Switch,0,3380,130,FALSE,8,FALSE,6.27,M,100,FALSE,CDM
2,Same,1,7963,130,TRUE,8,FALSE,6.27,M,100,FALSE,CDM
3,Switch,1,3801,130,FALSE,8,FALSE,6.27,M,100,FALSE,CDM
0,Same,0,3820,131,TRUE,8,FALSE,3.45,M,100,TRUE,CDM
1,Switch,0,3971,131,TRUE,8,FALSE,3.45,M,100,TRUE,CDM
2,Same,1,3676,131,TRUE,8,FALSE,3.45,M,100,TRUE,CDM
3,Switch,1,4563,131,TRUE,8,FALSE,3.45,M,100,TRUE,CDM
0,Same,1,8275,132,TRUE,8,FALSE,4.09,F,100,TRUE,CDM
1,Switch,0,6799,132,TRUE,8,FALSE,4.09,F,100,TRUE,CDM
2,Same,0,3391,132,TRUE,8,FALSE,4.09,F,100,TRUE,CDM
3,Switch,1,3692,132,FALSE,8,FALSE,4.09,F,100,TRUE,CDM
0,Same,1,7197,133,TRUE,8,FALSE,2.8,M,90,TRUE,CDM
1,Switch,0,3685,133,TRUE,8,FALSE,2.8,M,90,TRUE,CDM
2,Same,0,4561,133,TRUE,8,FALSE,2.8,M,90,TRUE,CDM
3,Switch,1,7776,133,TRUE,8,FALSE,2.8,M,90,TRUE,CDM
0,Same,0,3842,134,TRUE,8,FALSE,4.72,M,100,TRUE,CDM
1,Switch,0,4128,134,FALSE,8,FALSE,4.72,M,100,TRUE,CDM
2,Same,1,3487,134,TRUE,8,FALSE,4.72,M,100,TRUE,CDM
3,Switch,1,4457,134,FALSE,8,FALSE,4.72,M,100,TRUE,CDM
0,Same,1,5541,135,TRUE,8,FALSE,5.82,M,100,TRUE,CDM
1,Switch,1,6273,135,TRUE,8,FALSE,5.82,M,100,TRUE,CDM
2,Same,0,6396,135,TRUE,8,FALSE,5.82,M,100,TRUE,CDM
3,Switch,0,3682,135,TRUE,8,FALSE,5.82,M,100,TRUE,CDM
0,Same,0,3565,136,FALSE,6,FALSE,4.96,M,75,TRUE,CDM
1,Switch,1,4411,136,TRUE,6,FALSE,4.96,M,75,TRUE,CDM
2,Same,1,3954,136,TRUE,6,FALSE,4.96,M,75,TRUE,CDM
3,Switch,0,3924,136,FALSE,6,FALSE,4.96,M,75,TRUE,CDM
0,Same,0,3921,137,TRUE,8,FALSE,4.58,F,90,TRUE,CDM
1,Switch,1,4609,137,FALSE,8,FALSE,4.58,F,90,TRUE,CDM
2,Same,1,4037,137,TRUE,8,FALSE,4.58,F,90,TRUE,CDM
3,Switch,0,4078,137,TRUE,8,FALSE,4.58,F,90,TRUE,CDM
0,Same,0,4498,138,FALSE,8,FALSE,5.04,M,90,TRUE,CDM
1,Switch,1,2615,138,TRUE,8,FALSE,5.04,M,90,TRUE,CDM
2,Same,1,3517,138,TRUE,8,FALSE,5.04,M,90,TRUE,CDM
3,Switch,0,3694,138,TRUE,8,FALSE,5.04,M,90,TRUE,CDM
0,Same,1,3513,139,TRUE,8,FALSE,4.06,F,90,TRUE,CDM
1,Switch,1,4145,139,FALSE,8,FALSE,4.06,F,90,TRUE,CDM
2,Same,0,3537,139,TRUE,8,FALSE,4.06,F,90,TRUE,CDM
3,Switch,0,5126,139,TRUE,8,FALSE,4.06,F,90,TRUE,CDM
0,Same,0,3803,140,FALSE,8,FALSE,2.96,F,100,TRUE,CDM
1,Switch,1,8153,140,TRUE,8,FALSE,2.96,F,100,TRUE,CDM
2,Same,1,6554,140,TRUE,8,FALSE,2.96,F,100,TRUE,CDM
3,Switch,0,4209,140,TRUE,8,FALSE,2.96,F,100,TRUE,CDM
0,Same,1,25824,141,FALSE,8,FALSE,4.34,F,100,TRUE,CDM
1,Switch,0,3867,141,TRUE,8,FALSE,4.34,F,100,TRUE,CDM
2,Same,0,5326,141,FALSE,8,FALSE,4.34,F,100,TRUE,CDM
3,Switch,1,3475,141,TRUE,8,FALSE,4.34,F,100,TRUE,CDM
0,Same,0,4194,142,TRUE,8,FALSE,3.73,F,100,TRUE,CDM
1,Switch,0,7828,142,TRUE,8,FALSE,3.73,F,100,TRUE,CDM
2,Same,1,3468,142,TRUE,8,FALSE,3.73,F,100,TRUE,CDM
3,Switch,1,5930,142,FALSE,8,FALSE,3.73,F,100,TRUE,CDM
0,Same,1,12534,143,TRUE,8,FALSE,3.33,F,75,TRUE,CDM
1,Switch,0,5012,143,TRUE,8,FALSE,3.33,F,75,TRUE,CDM
2,Same,0,3830,143,TRUE,8,FALSE,3.33,F,75,TRUE,CDM
3,Switch,1,4634,143,FALSE,8,FALSE,3.33,F,75,TRUE,CDM
0,Same,0,4123,144,TRUE,8,FALSE,4.62,F,90,TRUE,CDM
1,Switch,1,4748,144,FALSE,8,FALSE,4.62,F,90,TRUE,CDM
2,Same,1,2810,144,TRUE,8,FALSE,4.62,F,90,TRUE,CDM
3,Switch,0,5780,144,TRUE,8,FALSE,4.62,F,90,TRUE,CDM
0,Same,0,4336,145,TRUE,8,FALSE,5.77,M,100,TRUE,CDM
1,Switch,0,3878,145,FALSE,8,FALSE,5.77,M,100,TRUE,CDM
2,Same,1,3384,145,FALSE,8,FALSE,5.77,M,100,TRUE,CDM
3,Switch,1,3292,145,TRUE,8,FALSE,5.77,M,100,TRUE,CDM
0,Same,1,13361,146,TRUE,8,FALSE,5.61,M,100,TRUE,CDM
1,Switch,1,6274,146,TRUE,8,FALSE,5.61,M,100,TRUE,CDM
2,Same,0,6638,146,TRUE,8,FALSE,5.61,M,100,TRUE,CDM
3,Switch,0,4210,146,TRUE,8,FALSE,5.61,M,100,TRUE,CDM
0,Same,1,7938,147,TRUE,8,FALSE,4.18,F,90,TRUE,CDM
1,Switch,0,4276,147,TRUE,8,FALSE,4.18,F,90,TRUE,CDM
2,Same,0,4582,147,FALSE,8,FALSE,4.18,F,90,TRUE,CDM
3,Switch,1,8579,147,TRUE,8,FALSE,4.18,F,90,TRUE,CDM
0,Same,1,5059,148,TRUE,8,FALSE,6.07,M,100,TRUE,CDM
1,Switch,0,8466,148,FALSE,8,FALSE,6.07,M,100,TRUE,CDM
2,Same,0,3117,148,TRUE,8,FALSE,6.07,M,100,TRUE,CDM
3,Switch,1,3801,148,FALSE,8,FALSE,6.07,M,100,TRUE,CDM
0,Same,0,3805,149,TRUE,8,FALSE,5.3,M,90,TRUE,CDM
1,Switch,0,7013,149,TRUE,8,FALSE,5.3,M,90,TRUE,CDM
2,Same,1,3500,149,TRUE,8,FALSE,5.3,M,90,TRUE,CDM
3,Switch,1,3742,149,FALSE,8,FALSE,5.3,M,90,TRUE,CDM
0,Same,1,3994,150,TRUE,8,FALSE,4.21,M,75,FALSE,CDM
1,Switch,1,8834,150,FALSE,8,FALSE,4.21,M,75,FALSE,CDM
2,Same,0,6643,150,TRUE,8,FALSE,4.21,M,75,FALSE,CDM
3,Switch,0,6796,150,TRUE,8,FALSE,4.21,M,75,FALSE,CDM
0,Same,1,4011,151,TRUE,8,FALSE,6.18,F,100,TRUE,CDM
1,Switch,0,4622,151,TRUE,8,FALSE,6.18,F,100,TRUE,CDM
2,Same,0,5385,151,TRUE,8,FALSE,6.18,F,100,TRUE,CDM
3,Switch,1,3845,151,TRUE,8,FALSE,6.18,F,100,TRUE,CDM
0,Same,1,10309,152,TRUE,8,FALSE,5.25,M,100,TRUE,CDM
1,Switch,1,4221,152,FALSE,8,FALSE,5.25,M,100,TRUE,CDM
2,Same,0,14269,152,FALSE,8,FALSE,5.25,M,100,TRUE,CDM
3,Switch,0,3162,152,TRUE,8,FALSE,5.25,M,100,TRUE,CDM
0,Same,1,4361,153,FALSE,8,FALSE,5.92,M,100,TRUE,CDM
1,Switch,0,5379,153,TRUE,8,FALSE,5.92,M,100,TRUE,CDM
2,Same,0,3394,153,TRUE,8,FALSE,5.92,M,100,TRUE,CDM
3,Switch,1,4541,153,TRUE,8,FALSE,5.92,M,100,TRUE,CDM
0,Same,1,5314,154,TRUE,8,FALSE,3.16,M,90,TRUE,CDM
1,Switch,1,4638,154,FALSE,8,FALSE,3.16,M,90,TRUE,CDM
2,Same,0,5204,154,TRUE,8,FALSE,3.16,M,90,TRUE,CDM
3,Switch,0,3596,154,FALSE,8,FALSE,3.16,M,90,TRUE,CDM
0,Same,0,3459,155,TRUE,8,FALSE,5.64,M,75,TRUE,CDM
1,Switch,0,5404,155,TRUE,8,FALSE,5.64,M,75,TRUE,CDM
2,Same,1,3710,155,TRUE,8,FALSE,5.64,M,75,TRUE,CDM
3,Switch,1,4706,155,TRUE,8,FALSE,5.64,M,75,TRUE,CDM
0,Same,1,4063,156,TRUE,8,FALSE,3.92,F,100,TRUE,CDM
1,Switch,0,4217,156,FALSE,8,FALSE,3.92,F,100,TRUE,CDM
2,Same,0,4012,156,TRUE,8,FALSE,3.92,F,100,TRUE,CDM
3,Switch,1,4201,156,FALSE,8,FALSE,3.92,F,100,TRUE,CDM
0,Same,0,6788,157,TRUE,8,FALSE,5.84,M,100,TRUE,CDM
1,Switch,1,4473,157,TRUE,8,FALSE,5.84,M,100,TRUE,CDM
2,Same,1,3498,157,TRUE,8,FALSE,5.84,M,100,TRUE,CDM
3,Switch,0,4253,157,TRUE,8,FALSE,5.84,M,100,TRUE,CDM
0,Same,1,6265,158,TRUE,8,FALSE,4.97,M,100,TRUE,CDM
1,Switch,1,7987,158,FALSE,8,FALSE,4.97,M,100,TRUE,CDM
2,Same,0,4260,158,TRUE,8,FALSE,4.97,M,100,TRUE,CDM
3,Switch,0,6219,158,TRUE,8,FALSE,4.97,M,100,TRUE,CDM
0,Same,1,4481,159,TRUE,8,FALSE,3.8,F,100,TRUE,CDM
1,Switch,1,38651,159,TRUE,8,FALSE,3.8,F,100,TRUE,CDM
2,Same,0,3305,159,TRUE,8,FALSE,3.8,F,100,TRUE,CDM
3,Switch,0,4401,159,TRUE,8,FALSE,3.8,F,100,TRUE,CDM
0,Same,1,4337,160,TRUE,8,FALSE,3.37,F,100,TRUE,CDM
1,Switch,1,4953,160,TRUE,8,FALSE,3.37,F,100,TRUE,CDM
2,Same,0,3338,160,TRUE,8,FALSE,3.37,F,100,TRUE,CDM
3,Switch,0,3264,160,TRUE,8,FALSE,3.37,F,100,TRUE,CDM
0,Same,0,4088,161,TRUE,8,FALSE,3.11,F,100,TRUE,CDM
1,Switch,0,6143,161,TRUE,8,FALSE,3.11,F,100,TRUE,CDM
2,Same,1,5285,161,TRUE,8,FALSE,3.11,F,100,TRUE,CDM
3,Switch,1,7178,161,FALSE,8,FALSE,3.11,F,100,TRUE,CDM
0,Same,0,6774,162,TRUE,8,FALSE,3.13,F,90,TRUE,CDM
1,Switch,0,3844,162,TRUE,8,FALSE,3.13,F,90,TRUE,CDM
2,Same,1,4024,162,TRUE,8,FALSE,3.13,F,90,TRUE,CDM
3,Switch,1,4080,162,FALSE,8,FALSE,3.13,F,90,TRUE,CDM
0,Same,0,5124,163,TRUE,8,FALSE,4.48,M,75,TRUE,CDM
1,Switch,1,3163,163,FALSE,8,FALSE,4.48,M,75,TRUE,CDM
2,Same,1,4726,163,TRUE,8,FALSE,4.48,M,75,TRUE,CDM
3,Switch,0,3735,163,TRUE,8,FALSE,4.48,M,75,TRUE,CDM
0,Same,0,4086,164,FALSE,8,FALSE,3.22,F,100,FALSE,CDM
1,Switch,0,3818,164,FALSE,8,FALSE,3.22,F,100,FALSE,CDM
2,Same,1,3720,164,FALSE,8,FALSE,3.22,F,100,FALSE,CDM
3,Switch,1,3925,164,TRUE,8,FALSE,3.22,F,100,FALSE,CDM
0,Same,1,51428,165,TRUE,8,FALSE,3.6,F,90,TRUE,CDM
1,Switch,0,25914,165,TRUE,8,FALSE,3.6,F,90,TRUE,CDM
2,Same,0,5232,165,TRUE,8,FALSE,3.6,F,90,TRUE,CDM
3,Switch,1,8593,165,FALSE,8,FALSE,3.6,F,90,TRUE,CDM
0,Same,0,4285,166,TRUE,8,FALSE,4.25,M,100,TRUE,CDM
1,Switch,0,13004,166,FALSE,8,FALSE,4.25,M,100,TRUE,CDM
2,Same,1,3711,166,TRUE,8,FALSE,4.25,M,100,TRUE,CDM
3,Switch,1,3991,166,FALSE,8,FALSE,4.25,M,100,TRUE,CDM
0,Same,0,3766,167,TRUE,8,FALSE,4.8,M,90,TRUE,CDM
1,Switch,1,3767,167,TRUE,8,FALSE,4.8,M,90,TRUE,CDM
2,Same,1,4605,167,FALSE,8,FALSE,4.8,M,90,TRUE,CDM
3,Switch,0,3238,167,TRUE,8,FALSE,4.8,M,90,TRUE,CDM
0,Same,1,4229,168,TRUE,8,FALSE,5.72,F,75,TRUE,CDM
1,Switch,0,4986,168,TRUE,8,FALSE,5.72,F,75,TRUE,CDM
2,Same,0,3515,168,TRUE,8,FALSE,5.72,F,75,TRUE,CDM
3,Switch,1,4254,168,FALSE,8,FALSE,5.72,F,75,TRUE,CDM
0,Same,1,5831,169,TRUE,8,FALSE,3.42,M,90,TRUE,CDM
1,Switch,1,4494,169,FALSE,8,FALSE,3.42,M,90,TRUE,CDM
2,Same,0,6503,169,TRUE,8,FALSE,3.42,M,90,TRUE,CDM
3,Switch,0,4402,169,TRUE,8,FALSE,3.42,M,90,TRUE,CDM
0,Same,1,3673,170,TRUE,8,FALSE,5.64,F,100,TRUE,CDM
1,Switch,0,4701,170,FALSE,8,FALSE,5.64,F,100,TRUE,CDM
2,Same,0,3404,170,TRUE,8,FALSE,5.64,F,100,TRUE,CDM
3,Switch,1,3552,170,FALSE,8,FALSE,5.64,F,100,TRUE,CDM
0,Same,1,4253,171,TRUE,8,FALSE,4.49,M,100,TRUE,CDM
1,Switch,1,6910,171,FALSE,8,FALSE,4.49,M,100,TRUE,CDM
2,Same,0,3481,171,TRUE,8,FALSE,4.49,M,100,TRUE,CDM
3,Switch,0,4242,171,FALSE,8,FALSE,4.49,M,100,TRUE,CDM
0,Same,1,3637,172,TRUE,8,FALSE,4.95,F,100,TRUE,CDM
1,Switch,0,4729,172,TRUE,8,FALSE,4.95,F,100,TRUE,CDM
2,Same,0,3264,172,FALSE,8,FALSE,4.95,F,100,TRUE,CDM
3,Switch,1,4353,172,FALSE,8,FALSE,4.95,F,100,TRUE,CDM
0,Same,1,4144,173,TRUE,8,FALSE,5.26,F,90,TRUE,CDM
1,Switch,0,4073,173,TRUE,8,FALSE,5.26,F,90,TRUE,CDM
2,Same,0,4098,173,FALSE,8,FALSE,5.26,F,90,TRUE,CDM
3,Switch,1,4330,173,TRUE,8,FALSE,5.26,F,90,TRUE,CDM
0,Same,0,4353,174,TRUE,7,FALSE,2.97,M,100,TRUE,CDM
1,Switch,1,13178,174,TRUE,7,FALSE,2.97,M,100,TRUE,CDM
2,Same,1,10115,174,FALSE,7,FALSE,2.97,M,100,TRUE,CDM
3,Switch,0,4345,174,TRUE,7,FALSE,2.97,M,100,TRUE,CDM
0,Same,1,5772,175,TRUE,8,FALSE,3.46,F,100,TRUE,CDM
1,Switch,1,11359,175,FALSE,8,FALSE,3.46,F,100,TRUE,CDM
2,Same,0,3951,175,TRUE,8,FALSE,3.46,F,100,TRUE,CDM
3,Switch,0,7355,175,FALSE,8,FALSE,3.46,F,100,TRUE,CDM
0,Same,0,4198,176,TRUE,8,FALSE,4.57,F,90,TRUE,CDM
1,Switch,1,4947,176,FALSE,8,FALSE,4.57,F,90,TRUE,CDM
2,Same,1,5621,176,TRUE,8,FALSE,4.57,F,90,TRUE,CDM
3,Switch,0,3578,176,TRUE,8,FALSE,4.57,F,90,TRUE,CDM
0,Same,0,3778,177,TRUE,8,FALSE,5.64,F,100,TRUE,CDM
1,Switch,0,4140,177,TRUE,8,FALSE,5.64,F,100,TRUE,CDM
2,Same,1,4075,177,TRUE,8,FALSE,5.64,F,100,TRUE,CDM
3,Switch,1,4082,177,TRUE,8,FALSE,5.64,F,100,TRUE,CDM
0,Same,1,4485,178,FALSE,6,FALSE,2.94,M,100,TRUE,CDM
1,Switch,1,5267,178,FALSE,6,FALSE,2.94,M,100,TRUE,CDM
2,Same,0,4422,178,TRUE,6,FALSE,2.94,M,100,TRUE,CDM
3,Switch,0,5271,178,TRUE,6,FALSE,2.94,M,100,TRUE,CDM
0,Same,0,5129,179,FALSE,8,FALSE,4.19,M,50,TRUE,CDM
1,Switch,1,3846,179,FALSE,8,FALSE,4.19,M,50,TRUE,CDM
2,Same,1,3831,179,TRUE,8,FALSE,4.19,M,50,TRUE,CDM
3,Switch,0,3539,179,FALSE,8,FALSE,4.19,M,50,TRUE,CDM
0,Same,0,3748,180,TRUE,8,FALSE,3.48,F,100,TRUE,CDM
1,Switch,1,3585,180,FALSE,8,FALSE,3.48,F,100,TRUE,CDM
2,Same,1,3204,180,TRUE,8,FALSE,3.48,F,100,TRUE,CDM
3,Switch,0,3796,180,TRUE,8,FALSE,3.48,F,100,TRUE,CDM
0,Same,0,11919,181,TRUE,7,FALSE,2.6,M,50,TRUE,CDM
1,Switch,0,4560,181,FALSE,7,FALSE,2.6,M,50,TRUE,CDM
2,Same,1,4810,181,TRUE,7,FALSE,2.6,M,50,TRUE,CDM
3,Switch,1,5493,181,FALSE,7,FALSE,2.6,M,50,TRUE,CDM
0,Same,0,7555,182,FALSE,8,FALSE,2.42,F,50,TRUE,CDM
1,Switch,0,7412,182,TRUE,8,FALSE,2.42,F,50,TRUE,CDM
2,Same,1,14080,182,TRUE,8,FALSE,2.42,F,50,TRUE,CDM
3,Switch,1,5925,182,TRUE,8,FALSE,2.42,F,50,TRUE,CDM
0,Same,0,3962,183,TRUE,8,FALSE,4.68,M,50,TRUE,CDM
1,Switch,0,3619,183,FALSE,8,FALSE,4.68,M,50,TRUE,CDM
2,Same,1,6205,183,TRUE,8,FALSE,4.68,M,50,TRUE,CDM
3,Switch,1,6995,183,FALSE,8,FALSE,4.68,M,50,TRUE,CDM
0,Same,1,3619,184,TRUE,8,FALSE,5.77,M,50,TRUE,CDM
1,Switch,1,4992,184,FALSE,8,FALSE,5.77,M,50,TRUE,CDM
2,Same,0,3740,184,TRUE,8,FALSE,5.77,M,50,TRUE,CDM
3,Switch,0,4599,184,FALSE,8,FALSE,5.77,M,50,TRUE,CDM
0,Same,1,4314,185,TRUE,8,FALSE,3.23,M,100,TRUE,CDM
1,Switch,1,4953,185,FALSE,8,FALSE,3.23,M,100,TRUE,CDM
2,Same,0,3728,185,TRUE,8,FALSE,3.23,M,100,TRUE,CDM
3,Switch,0,5510,185,TRUE,8,FALSE,3.23,M,100,TRUE,CDM
0,Same,1,7788,186,TRUE,8,FALSE,4.52,M,100,TRUE,CDM
1,Switch,1,4686,186,TRUE,8,FALSE,4.52,M,100,TRUE,CDM
2,Same,0,3934,186,TRUE,8,FALSE,4.52,M,100,TRUE,CDM
3,Switch,0,3978,186,FALSE,8,FALSE,4.52,M,100,TRUE,CDM
0,Same,0,4220,187,TRUE,8,FALSE,3.86,F,90,TRUE,CDM
1,Switch,0,4230,187,TRUE,8,FALSE,3.86,F,90,TRUE,CDM
2,Same,1,3402,187,TRUE,8,FALSE,3.86,F,90,TRUE,CDM
3,Switch,1,3966,187,FALSE,8,FALSE,3.86,F,90,TRUE,CDM
0,Same,0,5719,188,TRUE,8,FALSE,3.22,M,90,TRUE,CDM
1,Switch,0,7252,188,TRUE,8,FALSE,3.22,M,90,TRUE,CDM
2,Same,1,4518,188,TRUE,8,FALSE,3.22,M,90,TRUE,CDM
3,Switch,1,5755,188,FALSE,8,FALSE,3.22,M,90,TRUE,CDM
0,Same,0,3990,189,TRUE,8,FALSE,5.31,M,90,TRUE,CDM
1,Switch,1,7662,189,TRUE,8,FALSE,5.31,M,90,TRUE,CDM
2,Same,1,4045,189,TRUE,8,FALSE,5.31,M,90,TRUE,CDM
3,Switch,0,6095,189,TRUE,8,FALSE,5.31,M,90,TRUE,CDM
0,Same,1,4640,190,FALSE,8,FALSE,4.54,F,75,TRUE,CDM
1,Switch,1,8569,190,FALSE,8,FALSE,4.54,F,75,TRUE,CDM
2,Same,0,4290,190,FALSE,8,FALSE,4.54,F,75,TRUE,CDM
3,Switch,0,4529,190,TRUE,8,FALSE,4.54,F,75,TRUE,CDM
0,Same,0,4151,191,TRUE,8,FALSE,3.58,M,75,TRUE,CDM
1,Switch,1,3786,191,FALSE,8,FALSE,3.58,M,75,TRUE,CDM
2,Same,1,3493,191,TRUE,8,FALSE,3.58,M,75,TRUE,CDM
3,Switch,0,4825,191,TRUE,8,FALSE,3.58,M,75,TRUE,CDM
0,Same,1,3781,192,FALSE,8,FALSE,4,F,100,TRUE,CDM
1,Switch,1,4244,192,FALSE,8,FALSE,4,F,100,TRUE,CDM
2,Same,0,3495,192,TRUE,8,FALSE,4,F,100,TRUE,CDM
3,Switch,0,3501,192,TRUE,8,FALSE,4,F,100,TRUE,CDM
0,Same,1,3947,193,TRUE,8,FALSE,4.65,F,90,TRUE,CDM
1,Switch,0,4664,193,FALSE,8,FALSE,4.65,F,90,TRUE,CDM
2,Same,0,3515,193,TRUE,8,FALSE,4.65,F,90,TRUE,CDM
3,Switch,1,3675,193,TRUE,8,FALSE,4.65,F,90,TRUE,CDM
0,Same,1,4060,194,TRUE,8,FALSE,4.43,F,100,TRUE,CDM
1,Switch,1,2557,194,FALSE,8,FALSE,4.43,F,100,TRUE,CDM
2,Same,0,3480,194,TRUE,8,FALSE,4.43,F,100,TRUE,CDM
3,Switch,0,6771,194,FALSE,8,FALSE,4.43,F,100,TRUE,CDM
0,Same,0,3700,195,TRUE,8,FALSE,4.31,M,100,TRUE,CDM
1,Switch,1,4611,195,FALSE,8,FALSE,4.31,M,100,TRUE,CDM
2,Same,1,3583,195,TRUE,8,FALSE,4.31,M,100,TRUE,CDM
3,Switch,0,4893,195,TRUE,8,FALSE,4.31,M,100,TRUE,CDM
0,Same,0,4028,196,TRUE,8,FALSE,4.66,F,75,TRUE,CDM
1,Switch,0,4707,196,TRUE,8,FALSE,4.66,F,75,TRUE,CDM
2,Same,1,3533,196,TRUE,8,FALSE,4.66,F,75,TRUE,CDM
3,Switch,1,5046,196,TRUE,8,FALSE,4.66,F,75,TRUE,CDM
0,Same,1,8913,197,FALSE,7,FALSE,3.23,F,90,TRUE,CDM
1,Switch,1,6657,197,TRUE,7,FALSE,3.23,F,90,TRUE,CDM
2,Same,0,6664,197,FALSE,7,FALSE,3.23,F,90,TRUE,CDM
3,Switch,0,8599,197,TRUE,7,FALSE,3.23,F,90,TRUE,CDM
0,Same,1,4846,198,TRUE,8,FALSE,3.71,F,90,TRUE,CDM
1,Switch,0,13149,198,TRUE,8,FALSE,3.71,F,90,TRUE,CDM
2,Same,0,5735,198,TRUE,8,FALSE,3.71,F,90,TRUE,CDM
3,Switch,1,16055,198,FALSE,8,FALSE,3.71,F,90,TRUE,CDM
0,Same,0,3678,199,TRUE,8,FALSE,3.35,F,100,TRUE,CDM
1,Switch,1,9297,199,FALSE,8,FALSE,3.35,F,100,TRUE,CDM
2,Same,1,3556,199,TRUE,8,FALSE,3.35,F,100,TRUE,CDM
3,Switch,0,4561,199,FALSE,8,FALSE,3.35,F,100,TRUE,CDM
0,Same,1,4329,200,TRUE,8,FALSE,4.87,F,100,TRUE,CDM
1,Switch,0,30530,200,FALSE,8,FALSE,4.87,F,100,TRUE,CDM
2,Same,0,6399,200,TRUE,8,FALSE,4.87,F,100,TRUE,CDM
3,Switch,1,18913,200,FALSE,8,FALSE,4.87,F,100,TRUE,CDM
0,Same,0,4425,201,FALSE,8,FALSE,3.33,M,100,TRUE,CDM
1,Switch,1,3639,201,TRUE,8,FALSE,3.33,M,100,TRUE,CDM
2,Same,1,3637,201,FALSE,8,FALSE,3.33,M,100,TRUE,CDM
3,Switch,0,3781,201,FALSE,8,FALSE,3.33,M,100,TRUE,CDM
0,Same,1,15661,202,TRUE,6,FALSE,2.29,F,100,TRUE,CDM
1,Switch,1,5639,202,TRUE,6,FALSE,2.29,F,100,TRUE,CDM
2,Same,0,12520,202,TRUE,6,FALSE,2.29,F,100,TRUE,CDM
3,Switch,0,21559,202,FALSE,6,FALSE,2.29,F,100,TRUE,CDM
0,Same,0,2561,203,TRUE,8,FALSE,2.93,F,100,TRUE,CDM
1,Switch,0,4198,203,TRUE,8,FALSE,2.93,F,100,TRUE,CDM
2,Same,1,6986,203,TRUE,8,FALSE,2.93,F,100,TRUE,CDM
3,Switch,1,5005,203,TRUE,8,FALSE,2.93,F,100,TRUE,CDM
0,Same,1,5324,204,TRUE,8,FALSE,5.41,M,100,TRUE,CDM
1,Switch,0,11250,204,TRUE,8,FALSE,5.41,M,100,TRUE,CDM
2,Same,0,4673,204,TRUE,8,FALSE,5.41,M,100,TRUE,CDM
3,Switch,1,7205,204,FALSE,8,FALSE,5.41,M,100,TRUE,CDM
0,Same,0,4426,205,TRUE,8,FALSE,3.93,F,100,TRUE,CDM
1,Switch,0,5001,205,TRUE,8,FALSE,3.93,F,100,TRUE,CDM
2,Same,1,6508,205,TRUE,8,FALSE,3.93,F,100,TRUE,CDM
3,Switch,1,13501,205,FALSE,8,FALSE,3.93,F,100,TRUE,CDM
0,Same,0,3689,206,TRUE,8,FALSE,3.23,F,90,TRUE,CDM
1,Switch,0,4093,206,FALSE,8,FALSE,3.23,F,90,TRUE,CDM
2,Same,1,2870,206,TRUE,8,FALSE,3.23,F,90,TRUE,CDM
3,Switch,1,2881,206,FALSE,8,FALSE,3.23,F,90,TRUE,CDM
0,Same,1,4219,207,TRUE,8,FALSE,3.96,M,90,TRUE,CDM
1,Switch,0,4991,207,TRUE,8,FALSE,3.96,M,90,TRUE,CDM
2,Same,0,3240,207,TRUE,8,FALSE,3.96,M,90,TRUE,CDM
3,Switch,1,4884,207,FALSE,8,FALSE,3.96,M,90,TRUE,CDM
0,Same,0,3925,208,TRUE,8,FALSE,2.83,M,100,TRUE,CDM
1,Switch,0,4704,208,TRUE,8,FALSE,2.83,M,100,TRUE,CDM
2,Same,1,4465,208,FALSE,8,FALSE,2.83,M,100,TRUE,CDM
3,Switch,1,4010,208,FALSE,8,FALSE,2.83,M,100,TRUE,CDM
0,Same,1,3348,209,TRUE,8,FALSE,3.95,M,100,TRUE,CDM
1,Switch,0,6178,209,TRUE,8,FALSE,3.95,M,100,TRUE,CDM
2,Same,0,3568,209,TRUE,8,FALSE,3.95,M,100,TRUE,CDM
3,Switch,1,3474,209,TRUE,8,FALSE,3.95,M,100,TRUE,CDM
0,Same,1,9297,210,TRUE,6,FALSE,2.21,F,100,FALSE,CDM
1,Switch,0,7420,210,TRUE,6,FALSE,2.21,F,100,FALSE,CDM
2,Same,0,5832,210,TRUE,6,FALSE,2.21,F,100,FALSE,CDM
3,Switch,1,12253,210,TRUE,6,FALSE,2.21,F,100,FALSE,CDM
0,Same,1,6636,211,TRUE,8,FALSE,2.68,F,100,TRUE,CDM
1,Switch,1,6007,211,FALSE,8,FALSE,2.68,F,100,TRUE,CDM
2,Same,0,13789,211,TRUE,8,FALSE,2.68,F,100,TRUE,CDM
3,Switch,0,7903,211,FALSE,8,FALSE,2.68,F,100,TRUE,CDM
0,Same,0,3612,212,TRUE,8,FALSE,4.96,F,100,TRUE,CDM
1,Switch,1,3844,212,TRUE,8,FALSE,4.96,F,100,TRUE,CDM
2,Same,1,3202,212,TRUE,8,FALSE,4.96,F,100,TRUE,CDM
3,Switch,0,3473,212,TRUE,8,FALSE,4.96,F,100,TRUE,CDM
0,Same,1,3656,213,TRUE,8,FALSE,3.56,M,50,TRUE,CDM
1,Switch,0,26244,213,FALSE,8,FALSE,3.56,M,50,TRUE,CDM
2,Same,0,3584,213,TRUE,8,FALSE,3.56,M,50,TRUE,CDM
3,Switch,1,5118,213,FALSE,8,FALSE,3.56,M,50,TRUE,CDM
0,Same,1,10152,214,TRUE,8,FALSE,4.75,M,90,TRUE,CDM
1,Switch,0,8964,214,FALSE,8,FALSE,4.75,M,90,TRUE,CDM
2,Same,0,5231,214,TRUE,8,FALSE,4.75,M,90,TRUE,CDM
3,Switch,1,7219,214,FALSE,8,FALSE,4.75,M,90,TRUE,CDM
0,Same,0,3883,215,TRUE,8,FALSE,4.97,M,90,TRUE,CDM
1,Switch,1,7339,215,FALSE,8,FALSE,4.97,M,90,TRUE,CDM
2,Same,1,3269,215,TRUE,8,FALSE,4.97,M,90,TRUE,CDM
3,Switch,0,3740,215,FALSE,8,FALSE,4.97,M,90,TRUE,CDM
0,Same,1,4112,216,TRUE,8,FALSE,3.93,F,75,TRUE,CDM
1,Switch,0,5179,216,FALSE,8,FALSE,3.93,F,75,TRUE,CDM
2,Same,0,2886,216,TRUE,8,FALSE,3.93,F,75,TRUE,CDM
3,Switch,1,3764,216,FALSE,8,FALSE,3.93,F,75,TRUE,CDM
0,Same,0,4886,217,TRUE,8,FALSE,5.21,M,100,TRUE,CDM
1,Switch,1,12930,217,TRUE,8,FALSE,5.21,M,100,TRUE,CDM
2,Same,1,6318,217,TRUE,8,FALSE,5.21,M,100,TRUE,CDM
3,Switch,0,3057,217,TRUE,8,FALSE,5.21,M,100,TRUE,CDM
0,Same,1,5917,218,TRUE,8,FALSE,4.48,M,75,TRUE,CDM
1,Switch,0,6534,218,FALSE,8,FALSE,4.48,M,75,TRUE,CDM
2,Same,0,5259,218,FALSE,8,FALSE,4.48,M,75,TRUE,CDM
3,Switch,1,3498,218,FALSE,8,FALSE,4.48,M,75,TRUE,CDM
0,Same,0,4340,219,TRUE,8,FALSE,3.42,M,5,TRUE,CDM
1,Switch,1,4576,219,TRUE,8,FALSE,3.42,M,5,TRUE,CDM
2,Same,1,3872,219,TRUE,8,FALSE,3.42,M,5,TRUE,CDM
3,Switch,0,4237,219,TRUE,8,FALSE,3.42,M,5,TRUE,CDM
0,Same,0,3462,220,TRUE,8,FALSE,5.96,F,100,TRUE,CDM
1,Switch,1,3197,220,TRUE,8,FALSE,5.96,F,100,TRUE,CDM
2,Same,1,3365,220,TRUE,8,FALSE,5.96,F,100,TRUE,CDM
3,Switch,0,2649,220,TRUE,8,FALSE,5.96,F,100,TRUE,CDM
0,Same,0,3569,221,TRUE,8,FALSE,5.87,F,90,TRUE,CDM
1,Switch,0,3802,221,TRUE,8,FALSE,5.87,F,90,TRUE,CDM
2,Same,1,3296,221,TRUE,8,FALSE,5.87,F,90,TRUE,CDM
3,Switch,1,4171,221,FALSE,8,FALSE,5.87,F,90,TRUE,CDM
0,Same,0,5729,222,FALSE,3,FALSE,2.39,M,100,TRUE,CDM
1,Switch,1,6785,222,TRUE,3,FALSE,2.39,M,100,TRUE,CDM
2,Same,1,7716,222,TRUE,3,FALSE,2.39,M,100,TRUE,CDM
3,Switch,0,5691,222,TRUE,3,FALSE,2.39,M,100,TRUE,CDM
0,Same,1,18685,223,TRUE,8,FALSE,5.01,M,50,TRUE,CDM
1,Switch,1,29281,223,TRUE,8,FALSE,5.01,M,50,TRUE,CDM
2,Same,0,7058,223,TRUE,8,FALSE,5.01,M,50,TRUE,CDM
3,Switch,0,6375,223,TRUE,8,FALSE,5.01,M,50,TRUE,CDM
0,Same,1,9586,224,TRUE,8,FALSE,4.33,F,100,TRUE,CDM
1,Switch,0,5072,224,FALSE,8,FALSE,4.33,F,100,TRUE,CDM
2,Same,0,3354,224,TRUE,8,FALSE,4.33,F,100,TRUE,CDM
3,Switch,1,4040,224,FALSE,8,FALSE,4.33,F,100,TRUE,CDM
0,Same,1,3328,225,TRUE,8,FALSE,4.31,M,100,TRUE,CDM
1,Switch,1,3142,225,TRUE,8,FALSE,4.31,M,100,TRUE,CDM
2,Same,0,3000,225,TRUE,8,FALSE,4.31,M,100,TRUE,CDM
3,Switch,0,3251,225,TRUE,8,FALSE,4.31,M,100,TRUE,CDM
0,Same,1,3621,226,TRUE,8,FALSE,3.09,F,100,TRUE,CDM
1,Switch,1,6562,226,TRUE,8,FALSE,3.09,F,100,TRUE,CDM
2,Same,0,3570,226,TRUE,8,FALSE,3.09,F,100,TRUE,CDM
3,Switch,0,3820,226,TRUE,8,FALSE,3.09,F,100,TRUE,CDM
0,Same,0,3991,227,TRUE,8,FALSE,4.25,M,75,TRUE,CDM
1,Switch,0,10021,227,TRUE,8,FALSE,4.25,M,75,TRUE,CDM
2,Same,1,4699,227,TRUE,8,FALSE,4.25,M,75,TRUE,CDM
3,Switch,1,5741,227,FALSE,8,FALSE,4.25,M,75,TRUE,CDM
0,Same,1,10613,228,TRUE,8,FALSE,3.45,F,75,TRUE,CDM
1,Switch,0,4827,228,TRUE,8,FALSE,3.45,F,75,TRUE,CDM
2,Same,0,3743,228,TRUE,8,FALSE,3.45,F,75,TRUE,CDM
3,Switch,1,4579,228,FALSE,8,FALSE,3.45,F,75,TRUE,CDM
0,Same,1,4690,229,TRUE,8,FALSE,4.62,F,100,TRUE,CDM
1,Switch,0,8571,229,TRUE,8,FALSE,4.62,F,100,TRUE,CDM
2,Same,0,3358,229,TRUE,8,FALSE,4.62,F,100,TRUE,CDM
3,Switch,1,8017,229,TRUE,8,FALSE,4.62,F,100,TRUE,CDM
0,Same,1,3828,230,TRUE,8,FALSE,3.9,M,100,TRUE,CDM
1,Switch,1,5357,230,FALSE,8,FALSE,3.9,M,100,TRUE,CDM
2,Same,0,4350,230,TRUE,8,FALSE,3.9,M,100,TRUE,CDM
3,Switch,0,3555,230,TRUE,8,FALSE,3.9,M,100,TRUE,CDM
0,Same,0,4262,231,FALSE,8,FALSE,2.89,M,100,TRUE,CDM
1,Switch,0,10471,231,TRUE,8,FALSE,2.89,M,100,TRUE,CDM
2,Same,1,12557,231,FALSE,8,FALSE,2.89,M,100,TRUE,CDM
3,Switch,1,12480,231,FALSE,8,FALSE,2.89,M,100,TRUE,CDM
0,Same,0,6527,232,TRUE,8,FALSE,5.27,M,100,TRUE,CDM
1,Switch,0,10873,232,TRUE,8,FALSE,5.27,M,100,TRUE,CDM
2,Same,1,3601,232,TRUE,8,FALSE,5.27,M,100,TRUE,CDM
3,Switch,1,6258,232,TRUE,8,FALSE,5.27,M,100,TRUE,CDM
0,Same,1,3840,233,TRUE,8,FALSE,5.32,M,90,TRUE,CDM
1,Switch,1,3928,233,FALSE,8,FALSE,5.32,M,90,TRUE,CDM
2,Same,0,3825,233,TRUE,8,FALSE,5.32,M,90,TRUE,CDM
3,Switch,0,4787,233,FALSE,8,FALSE,5.32,M,90,TRUE,CDM
0,Same,1,4087,234,TRUE,8,FALSE,5.04,M,25,TRUE,CDM
1,Switch,1,7532,234,TRUE,8,FALSE,5.04,M,25,TRUE,CDM
2,Same,0,3200,234,TRUE,8,FALSE,5.04,M,25,TRUE,CDM
3,Switch,0,4763,234,TRUE,8,FALSE,5.04,M,25,TRUE,CDM
0,Same,1,4240,235,TRUE,8,FALSE,5.31,F,100,TRUE,CDM
1,Switch,0,4275,235,TRUE,8,FALSE,5.31,F,100,TRUE,CDM
2,Same,0,4079,235,TRUE,8,FALSE,5.31,F,100,TRUE,CDM
3,Switch,1,4221,235,FALSE,8,FALSE,5.31,F,100,TRUE,CDM
0,Same,1,4641,236,TRUE,8,FALSE,4.72,F,100,TRUE,CDM
1,Switch,0,6893,236,FALSE,8,FALSE,4.72,F,100,TRUE,CDM
2,Same,0,3827,236,TRUE,8,FALSE,4.72,F,100,TRUE,CDM
3,Switch,1,4051,236,TRUE,8,FALSE,4.72,F,100,TRUE,CDM
